"","plot","layer","sp","form","f1","f2","f3","f4","f5","F1","F2","F3","F4","F5","c1","c2","c3","c4","c5","di1","di2","di3","di4","di5","cal"
"1","Bijodaira","B2","アオダモ","bl",0.346153846153846,0.5,0.807692307692308,0.846153846153846,0.884615384615385,"Ⅱ","Ⅲ","Ⅴ","Ⅴ","Ⅴ",0.16,0.26,0.56,0.66,0.716,7.44208407535251,11.4017542509914,21.267526708757,23.9871760610668,25.9288968586728,1
"2","Bijodaira","B2","アカミノイヌツゲ","bs",0.153846153846154,0.115384615384615,0.0769230769230769,0.0769230769230769,0.115384615384615,"Ⅰ","Ⅰ","Ⅰ","Ⅰ","Ⅰ",0.06,0.04,0.08,0.04,0.06,3.038218101251,2.1483446221183,2.48069469178417,1.75411603861406,2.63117405792109,1
"3","Bijodaira","B2","アクシバ","bs",0.153846153846154,0.0769230769230769,0.230769230769231,0.192307692307692,0.346153846153846,"Ⅰ","Ⅰ","Ⅱ","Ⅰ","Ⅱ",0.08,0.02,0.22,0.112,0.176,3.50823207722812,1.24034734589208,7.12525303194425,5.18874521662771,8.72661710824109,1
"4","Bijodaira","B2","イタヤカエデ","bl",0,0,0.0769230769230769,0.0769230769230769,0.115384615384615,"-","-","Ⅰ","Ⅰ","Ⅰ",0,0,0.02,0.02,0.024,0,0,1.24034734589208,1.24034734589208,2.1483446221183,0
"5","Bijodaira","B2","ウリハダカエデ","bl",0.538461538461538,0.576923076923077,0.884615384615385,0.923076923076923,1,"Ⅲ","Ⅲ","Ⅴ","Ⅴ","Ⅴ",0.76,1.14,1.46,1.068,1.192,20.2294530136326,21.2132034355964,33.9116499156263,31.2803698581321,33.166247903554,1
"6","Bijodaira","B2","ウワミズザクラ","bl",0.461538461538462,0.423076923076923,0.576923076923077,0.730769230769231,0.5,"Ⅲ","Ⅲ","Ⅲ","Ⅳ","Ⅲ",0.68,0.78,0.62,0.636,0.432,17.7157035944428,18.1659021245849,18.2924953086063,22.6172160430602,14.4913767461894,1
"7","Bijodaira","B2","エゾアジサイ","bs",0.115384615384615,0,0,0,0,"Ⅰ","-","-","-","-",0.28,0,0,0,0,5.68398560058805,0,0,0,0,0
"8","Bijodaira","B2","エゾユズリハ","bs",0.153846153846154,0.115384615384615,0.192307692307692,0.115384615384615,0.230769230769231,"Ⅰ","Ⅰ","Ⅰ","Ⅰ","Ⅱ",0.16,0.16,0.1,0.036,0.068,4.96138938356834,4.2966892442366,4.38529009653515,2.1483446221183,4.80384461415261,1
"9","Bijodaira","B2","オオカメノキ","bs",1,1,1,1,1,"Ⅴ","Ⅴ","Ⅴ","Ⅴ","Ⅴ",3.64,6,8.84,10.68,12.04,60.3324125159934,59.6657355607052,65.7267069006199,66.932802122726,67.5277720645365,1
"10","Bijodaira","B2","オオバクロモジ","bs",0.961538461538462,0.961538461538462,1,0.961538461538462,1,"Ⅴ","Ⅴ","Ⅴ","Ⅴ","Ⅴ",3.08,4.68,6.8,4.948,4.244,54.4200189409969,54.0654873563249,62.9285308902091,54.0654873563249,55.1361950083609,1
"11","Bijodaira","B2","オオバスノキ","bs",0,0,0.0769230769230769,0,0,"-","-","Ⅰ","-","-",0,0,0.02,0,0,0,0,1.24034734589208,0,0,0
"12","Bijodaira","B2","カスミザクラ","bl",0,0,0,0.0769230769230769,0,"-","-","-","Ⅰ","-",0,0,0,0.004,0,0,0,0,1.24034734589208,0,0
"13","Bijodaira","B2","キハダ","bl",0,0,0.115384615384615,0.0769230769230769,0,"-","-","Ⅰ","Ⅰ","-",0,0,0.04,0.02,0,0,0,2.1483446221183,1.24034734589208,0,0
"14","Bijodaira","B2","クマシデ","bl",0,0,0,0,0.0769230769230769,"-","-","-","-","Ⅰ",0,0,0,0,0.02,0,0,0,0,1.24034734589208,0
"15","Bijodaira","B2","クロヅル","bs",0,0,0,0.0769230769230769,0,"-","-","-","Ⅰ","-",0,0,0,0.012,0,0,0,0,1.24034734589208,0,0
"16","Bijodaira","B2","コシアブラ","bl",0.653846153846154,0.846153846153846,0.807692307692308,0.846153846153846,0.769230769230769,"Ⅳ","Ⅴ","Ⅴ","Ⅴ","Ⅳ",0.54,0.78,0.8,0.68,0.564,18.7903412176821,25.6904651573303,24.7759188295037,25.358961395864,21.483446221183,1
"17","Bijodaira","B2","コナラ","bl",0,0,0.0769230769230769,0,0,"-","-","Ⅰ","-","-",0,0,0.02,0,0,0,0,1.24034734589208,0,0,0
"18","Bijodaira","B2","コハウチワカエデ","bl",0,0,0,0,0.0769230769230769,"-","-","-","-","Ⅰ",0,0,0,0,0.004,0,0,0,0,1.24034734589208,0
"19","Bijodaira","B2","コミネカエデ","bs",0.538461538461538,0.538461538461538,0.846153846153846,0.807692307692308,0.923076923076923,"Ⅲ","Ⅲ","Ⅴ","Ⅴ","Ⅴ",0.38,0.34,0.72,0.616,0.708,14.3043834056343,13.5305921184892,24.6826005362233,22.7359424023522,27.1746488194703,1
"20","Bijodaira","B2","サワグルミ","bl",0,0,0,0,0.0769230769230769,"-","-","-","-","Ⅰ",0,0,0,0,0.02,0,0,0,0,1.24034734589208,0
"21","Bijodaira","B2","サワフタギ","bs",0.538461538461538,0.653846153846154,0.769230769230769,0.769230769230769,0.769230769230769,"Ⅲ","Ⅳ","Ⅳ","Ⅳ","Ⅳ",1.4,1.8,1.74,1.316,1.164,27.4562589193458,30.6844987174055,33.0500785522167,29.088723694137,28.5549402973394,1
"22","Bijodaira","B2","スギ","cl",0.0769230769230769,0.0769230769230769,0.153846153846154,0.5,0.461538461538462,"Ⅰ","Ⅰ","Ⅰ","Ⅲ","Ⅲ",0.02,0.02,0.08,0.704,0.572,1.24034734589208,1.24034734589208,3.50823207722812,18.4390889145858,16.07673904937,1
"23","Bijodaira","B2","タカノツメ","bl",0,0,0.115384615384615,0.115384615384615,0.153846153846154,"-","-","Ⅰ","Ⅰ","Ⅰ",0,0,0.04,0.012,0.06,0,0,2.1483446221183,2.1483446221183,3.038218101251,0
"24","Bijodaira","B2","タムシバ","bs",0.461538461538462,0.538461538461538,0.653846153846154,0.538461538461538,0.5,"Ⅲ","Ⅲ","Ⅳ","Ⅲ","Ⅲ",0.26,0.36,0.5,0.592,0.5,10.9544511501033,13.9228644267677,18.0810142669895,16.7332005306815,14.8323969741913,1
"25","Bijodaira","B2","タラノキ","bs",0,0,0.0769230769230769,0,0,"-","-","Ⅰ","-","-",0,0,0.02,0,0,0,0,1.24034734589208,0,0,0
"26","Bijodaira","B2","ツノハシバミ","bs",0.153846153846154,0.115384615384615,0.192307692307692,0.153846153846154,0.115384615384615,"Ⅰ","Ⅰ","Ⅰ","Ⅰ","Ⅰ",0.1,0.1,0.1,0.056,0.024,3.92232270276368,3.39683110243379,4.38529009653515,3.50823207722812,2.1483446221183,1
"27","Bijodaira","B2","ツリバナ","bs",0,0,0.0769230769230769,0,0.115384615384615,"-","-","Ⅰ","-","Ⅰ",0,0,0.04,0,0.1,0,0,1.75411603861406,0,3.39683110243379,0
"28","Bijodaira","B2","トチノキ","bl",0.0769230769230769,0.0769230769230769,0.0769230769230769,0.153846153846154,0,"Ⅰ","Ⅰ","Ⅰ","Ⅰ","-",0.02,0.02,0.02,0.02,0,1.24034734589208,1.24034734589208,1.24034734589208,3.038218101251,0,0
"29","Bijodaira","B2","ナツハゼ","bs",0,0,0.0769230769230769,0,0,"-","-","Ⅰ","-","-",0,0,0.02,0,0,0,0,1.24034734589208,0,0,0
"30","Bijodaira","B2","ナナカマド","bs",0.269230769230769,0.269230769230769,0.346153846153846,0.384615384615385,0.423076923076923,"Ⅱ","Ⅱ","Ⅱ","Ⅱ","Ⅲ",0.14,0.14,0.24,0.18,0.472,6.1394061351492,6.1394061351492,9.114654303753,8.77058019307029,13.3301278198038,1
"31","Bijodaira","B2","ニワトコ","bs",0.0769230769230769,0,0,0,0,"Ⅰ","-","-","-","-",0.02,0,0,0,0,1.24034734589208,0,0,0,0,0
"32","Bijodaira","B2","ヌスビトハギ","bs",0,0,0.0769230769230769,0.115384615384615,0,"-","-","Ⅰ","Ⅰ","-",0,0,0.02,0.008,0,0,0,1.24034734589208,2.1483446221183,0,0
"33","Bijodaira","B2","ノリウツギ","bs",0.730769230769231,0.769230769230769,0.807692307692308,0.923076923076923,0.961538461538462,"Ⅳ","Ⅳ","Ⅴ","Ⅴ","Ⅴ",1.78,2.34,2.4,2.264,1.552,36.0661784885678,38.6303985522761,39.7878992041164,42.7515181916655,38.977310954333,1
"34","Bijodaira","B2","ハイイヌガヤ","cs",0,0.115384615384615,0,0.0769230769230769,0,"-","Ⅰ","-","Ⅰ","-",0,0.04,0,0.008,0,0,2.1483446221183,0,1.24034734589208,0,0
"35","Bijodaira","B2","ハウチワカエデ","bl",0.346153846153846,0.423076923076923,0.538461538461538,0.576923076923077,0.576923076923077,"Ⅱ","Ⅲ","Ⅲ","Ⅲ","Ⅲ",0.18,0.26,0.34,0.268,0.292,7.89352217376326,10.4880884817015,13.1266024662779,14.0054934277178,14.8064435037847,1
"36","Bijodaira","B2","ハナイカダ","bs",0,0,0.0769230769230769,0.115384615384615,0.115384615384615,"-","-","Ⅰ","Ⅰ","Ⅰ",0,0,0.02,0.048,0.04,0,0,1.24034734589208,2.63117405792109,2.1483446221183,0
"37","Bijodaira","B2","ハナヒリノキ","bs",0.153846153846154,0.230769230769231,0.346153846153846,0.346153846153846,0.384615384615385,"Ⅰ","Ⅱ","Ⅱ","Ⅱ","Ⅱ",0.1,0.14,0.28,0.216,0.34,3.92232270276368,5.68398560058805,9.8449518497084,9.48683298050514,11.4354374979373,1
"38","Bijodaira","B2","ハリギリ","bl",0.0769230769230769,0.115384615384615,0.384615384615385,0.384615384615385,0.346153846153846,"Ⅰ","Ⅰ","Ⅱ","Ⅱ","Ⅱ",0.02,0.04,0.18,0.272,0.112,1.24034734589208,2.1483446221183,8.32050294337844,10.3774904332554,7.44208407535251,1
"39","Bijodaira","B2","ヒトツバカエデ","bl",0,0,0.0769230769230769,0,0,"-","-","Ⅰ","-","-",0,0,0.02,0,0,0,0,1.24034734589208,0,0,0
"40","Bijodaira","B2","ヒメアオキ","bs",0.307692307692308,0.384615384615385,0.384615384615385,0.423076923076923,0.538461538461538,"Ⅱ","Ⅱ","Ⅱ","Ⅲ","Ⅲ",0.28,0.22,0.2,0.14,0.184,9.28190961784514,9.198662110078,8.77058019307029,9.198662110078,12.7097781860448,1
"41","Bijodaira","B2","ヒメウスノキ","bs",0,0,0.0769230769230769,0.0769230769230769,0.0769230769230769,"-","-","Ⅰ","Ⅰ","Ⅰ",0,0,0.02,0.012,0.02,0,0,1.24034734589208,1.24034734589208,1.24034734589208,0
"42","Bijodaira","B2","フウリンウメモドキ","bs",0,0,0,0.0769230769230769,0.0769230769230769,"-","-","-","Ⅰ","Ⅰ",0,0,0,0.04,0.02,0,0,0,1.75411603861406,1.24034734589208,0
"43","Bijodaira","B2","フユイチゴ","bs",0,0,0,0,0.0769230769230769,"-","-","-","-","Ⅰ",0,0,0,0,0.004,0,0,0,0,1.24034734589208,0
"44","Bijodaira","B2","ブナ","bl",0.730769230769231,0.692307692307692,0.769230769230769,0.923076923076923,0.961538461538462,"Ⅳ","Ⅳ","Ⅳ","Ⅴ","Ⅴ",1.96,3.16,3.08,3.216,4.02,37.8458411494274,39.0266181352794,41.8789464271268,47.0678724331642,50.1919392854148,1
"45","Bijodaira","B2","ホオノキ","bl",0.461538461538462,0.384615384615385,0.807692307692308,0.692307692307692,0.307692307692308,"Ⅲ","Ⅱ","Ⅴ","Ⅳ","Ⅱ",0.5,0.52,0.56,0.352,0.212,15.191090506255,13.5873244097351,21.267526708757,16.6410058867569,8.94427190999916,1
"46","Bijodaira","B2","ホツツジ","bs",0,0.115384615384615,0.153846153846154,0.115384615384615,0.115384615384615,"-","Ⅰ","Ⅰ","Ⅰ","Ⅰ",0,0.08,0.2,0.2,0.12,0,3.038218101251,5.54700196225229,4.2966892442366,3.72104203767625,0
"47","Bijodaira","B2","マユミ","bs",0.0769230769230769,0,0,0,0,"Ⅰ","-","-","-","-",0.02,0,0,0,0,1.24034734589208,0,0,0,0,0
"48","Bijodaira","B2","ミズキ","bl",0.346153846153846,0.346153846153846,0.576923076923077,0.461538461538462,0.5,"Ⅱ","Ⅱ","Ⅲ","Ⅲ","Ⅲ",0.58,0.58,0.32,0.256,0.32,14.1693059381619,13.6719814556295,13.5873244097351,11.3679712011761,13.0384048104053,1
"49","Bijodaira","B2","ミズナラ","bl",0,0.115384615384615,0.192307692307692,0.153846153846154,0.307692307692308,"-","Ⅰ","Ⅰ","Ⅰ","Ⅱ",0,0.04,0.08,0.04,0.116,0,2.1483446221183,3.92232270276368,3.038218101251,7.01646415445623,0
"50","Bijodaira","B2","ミズメ","bl",0.0769230769230769,0.115384615384615,0.153846153846154,0.0769230769230769,0.192307692307692,"Ⅰ","Ⅰ","Ⅰ","Ⅰ","Ⅰ",0.02,0.04,0.08,0.02,0.12,1.24034734589208,2.1483446221183,3.50823207722812,1.24034734589208,4.80384461415261,1
"51","Bijodaira","B2","ミヤマホツツジ","bs",0,0,0.115384615384615,0.0769230769230769,0.0769230769230769,"-","-","Ⅰ","Ⅰ","Ⅰ",0,0,0.12,0.02,0.08,0,0,3.72104203767625,1.24034734589208,2.48069469178417,0
"52","Bijodaira","B2","ヤマウルシ","bs",0.615384615384615,0.769230769230769,0.884615384615385,0.846153846153846,0.884615384615385,"Ⅳ","Ⅳ","Ⅴ","Ⅴ","Ⅴ",0.48,0.7,0.66,0.692,0.632,17.1867569769464,23.2047740446129,24.1629086379549,24.337372337779,24.1629086379549,1
"53","Bijodaira","B2","ヤマボウシ","bl",0,0,0,0,0.0769230769230769,"-","-","-","-","Ⅰ",0,0,0,0,0.004,0,0,0,0,1.24034734589208,0
"54","Bijodaira","B2","ヤマモミジ","bl",0.153846153846154,0.153846153846154,0.230769230769231,0.230769230769231,0.307692307692308,"Ⅰ","Ⅰ","Ⅱ","Ⅱ","Ⅱ",0.08,0.16,0.4,0.276,0.324,3.50823207722812,4.96138938356834,9.114654303753,7.74596669241483,10.2281662391352,1
"55","Bijodaira","B2","リョウブ","bl",0.846153846153846,0.807692307692308,0.923076923076923,0.807692307692308,0.846153846153846,"Ⅴ","Ⅴ","Ⅴ","Ⅴ","Ⅴ",1.74,2.24,3.3,2.16,1.7472,38.3706618695546,38.9674420312848,46.8713460114287,35.9486813709167,35.1480385709447,1
"56","Bijodaira","C","イヌガンソク","f",0.230769230769231,0.230769230769231,0.423076923076923,0.153846153846154,0,"Ⅱ","Ⅱ","Ⅲ","Ⅰ","-",0.26,0.26,1.12,0.52,0,7.74596669241483,7.74596669241483,19.7289322881592,7.44208407535251,0,0
"57","Bijodaira","C","イワウチワ","h",0.5,0.423076923076923,0.346153846153846,0.384615384615385,0.423076923076923,"Ⅲ","Ⅲ","Ⅱ","Ⅱ","Ⅲ",1.34,2.04,1.76,1.3,1.82,25.8843582110896,22.1533119593715,18.6052101883813,18.397324220156,23.0884586552876,1
"58","Bijodaira","C","イワカガミ","h",0,0.153846153846154,0.153846153846154,0.153846153846154,0.115384615384615,"-","Ⅰ","Ⅰ","Ⅰ","Ⅰ",0,0.28,1.26,0.188,0.14,0,5.54700196225229,8.038369524685,4.96138938356834,4.0191847623425,0
"59","Bijodaira","C","イワナシ","ds",0.0769230769230769,0.115384615384615,0.307692307692308,0.192307692307692,0.269230769230769,"Ⅰ","Ⅰ","Ⅱ","Ⅰ","Ⅱ",0.02,0.04,0.14,0.048,0.072,1.24034734589208,2.1483446221183,6.56330123313894,3.92232270276368,5.68398560058805,1
"60","Bijodaira","C","イワハリガネワラビ","f",0,0,0.423076923076923,0.692307692307692,0.576923076923077,"-","-","Ⅲ","Ⅳ","Ⅲ",0,0,0.6,0.732,0.58,0,0,15.9325501363138,23.2379000772445,18.2924953086063,0
"61","Bijodaira","C","オオバコ","h",0.0769230769230769,0.153846153846154,0.230769230769231,0.192307692307692,0.153846153846154,"Ⅰ","Ⅰ","Ⅱ","Ⅰ","Ⅰ",0.02,0.08,0.2,0.036,0.012,1.24034734589208,3.50823207722812,6.79366220486757,3.92232270276368,3.038218101251,1
"62","Bijodaira","C","オオバショリマ","f",0,0,0,0,0.115384615384615,"-","-","-","-","Ⅰ",0,0,0,0,0.008,0,0,0,0,2.1483446221183,0
"63","Bijodaira","C","オオバタケシマラン","h",0,0,0,0,0.0769230769230769,"-","-","-","-","Ⅰ",0,0,0,0,0.004,0,0,0,0,1.24034734589208,0
"64","Bijodaira","C","オクモミジハグマ","h",0.192307692307692,0,0,0.115384615384615,0.192307692307692,"Ⅰ","-","-","Ⅰ","Ⅰ",0.6,0,0,0.18,0.084,10.7417231105915,0,0,4.0191847623425,4.38529009653515,0
"65","Bijodaira","C","オシダ","f",0,0,0.153846153846154,0.153846153846154,0.115384615384615,"-","-","Ⅰ","Ⅰ","Ⅰ",0,0,0.08,0.068,0.024,0,0,3.50823207722812,3.50823207722812,2.1483446221183,0
"66","Bijodaira","C","カニコウモリ","h",0.0769230769230769,0.0769230769230769,0.0769230769230769,0,0.0769230769230769,"Ⅰ","Ⅰ","Ⅰ","-","Ⅰ",0.02,0.02,0.02,0,0.02,1.24034734589208,1.24034734589208,1.24034734589208,0,1.24034734589208,0
"67","Bijodaira","C","カメバヒキオコシ","h",0.307692307692308,0.423076923076923,0.461538461538462,0.5,0.461538461538462,"Ⅱ","Ⅲ","Ⅲ","Ⅲ","Ⅲ",0.2,0.5,0.74,0.368,0.352,7.84464540552736,14.5443618470685,17.4532342164822,13.7840487520902,12.8900677327098,1
"68","Bijodaira","C","カラクサイヌワラビ","f",0,0,0,0,0.153846153846154,"-","-","-","-","Ⅰ",0,0,0,0,0.06,0,0,0,0,3.038218101251,0
"69","Bijodaira","C","キジノオシダ","f",0,0,0.0769230769230769,0,0,"-","-","Ⅰ","-","-",0,0,0.02,0,0,0,0,1.24034734589208,0,0,0
"70","Bijodaira","C","キヨタキシダ","f",0,0,0,0,0.0769230769230769,"-","-","-","-","Ⅰ",0,0,0,0,0.004,0,0,0,0,1.24034734589208,0
"71","Bijodaira","C","キンミズヒキ","h",0.115384615384615,0.153846153846154,0.307692307692308,0.192307692307692,0.192307692307692,"Ⅰ","Ⅰ","Ⅱ","Ⅰ","Ⅰ",0.04,0.06,0.22,0.14,0.28,2.1483446221183,3.038218101251,8.22753351207442,5.18874521662771,7.33799385705343,1
"72","Bijodaira","C","コケシノブ","f",0,0,0,0,0.115384615384615,"-","-","-","-","Ⅰ",0,0,0,0,0.008,0,0,0,0,2.1483446221183,0
"73","Bijodaira","C","コナスビ","h",0,0,0.192307692307692,0.0769230769230769,0.0769230769230769,"-","-","Ⅰ","Ⅰ","Ⅰ",0,0,0.1,0.004,0.02,0,0,4.38529009653515,1.24034734589208,1.24034734589208,0
"74","Bijodaira","C","コフタバラン","h",0.0769230769230769,0.115384615384615,0.115384615384615,0.269230769230769,0.230769230769231,"Ⅰ","Ⅰ","Ⅰ","Ⅱ","Ⅱ",0.02,0.04,0.04,0.08,0.036,1.24034734589208,2.1483446221183,2.1483446221183,5.68398560058805,4.80384461415261,1
"75","Bijodaira","C","コブナグサ","h",0.0769230769230769,0.0769230769230769,0.269230769230769,0.192307692307692,0.115384615384615,"Ⅰ","Ⅰ","Ⅱ","Ⅰ","Ⅰ",0.02,0.02,0.14,0.088,0.044,1.24034734589208,1.24034734589208,6.1394061351492,4.38529009653515,2.63117405792109,1
"76","Bijodaira","C","サイハイラン","h",0.0769230769230769,0.115384615384615,0.0769230769230769,0,0,"Ⅰ","Ⅰ","Ⅰ","-","-",0.02,0.04,0.02,0,0,1.24034734589208,2.1483446221183,1.24034734589208,0,0,0
"77","Bijodaira","C","サカゲイノデ","f",0,0,0.0769230769230769,0.0769230769230769,0.0769230769230769,"-","-","Ⅰ","Ⅰ","Ⅰ",0,0,0.02,0.04,0.02,0,0,1.24034734589208,1.75411603861406,1.24034734589208,0
"78","Bijodaira","C","ササユリ","h",0.153846153846154,0.0769230769230769,0,0.0769230769230769,0,"Ⅰ","Ⅰ","-","Ⅰ","-",0.06,0.02,0,0.008,0,3.038218101251,1.24034734589208,0,1.24034734589208,0,0
"79","Bijodaira","C","シケシダ","f",0,0,0,0.0769230769230769,0,"-","-","-","Ⅰ","-",0,0,0,0.008,0,0,0,0,1.24034734589208,0,0
"80","Bijodaira","C","シケチシダ","f",0,0,0.0769230769230769,0,0,"-","-","Ⅰ","-","-",0,0,0.08,0,0,0,0,2.48069469178417,0,0,0
"81","Bijodaira","C","シシガシラ","f",0.307692307692308,0.346153846153846,0.423076923076923,0.230769230769231,0.230769230769231,"Ⅱ","Ⅱ","Ⅲ","Ⅱ","Ⅱ",0.16,0.18,0.22,0.06,0.132,7.01646415445623,7.89352217376326,9.64763821237732,4.80384461415261,6.076436202502,1
"82","Bijodaira","C","シノブカグマ","f",0.923076923076923,0.961538461538462,0.961538461538462,1,1,"Ⅴ","Ⅴ","Ⅴ","Ⅴ","Ⅴ",3.18,6.2,5.42,5.708,6.28,54.1791898738308,59.807383130539,57.3451091067193,58.9915248150105,62.2896460095897,1
"83","Bijodaira","C","シュスラン","h",0,0,0.269230769230769,0.346153846153846,0.346153846153846,"-","-","Ⅱ","Ⅱ","Ⅱ",0,0,0.12,0.132,0.112,0,0,5.68398560058805,7.44208407535251,7.44208407535251,0
"84","Bijodaira","C","シラネワラビ","f",0,0.384615384615385,0.115384615384615,0.115384615384615,0.115384615384615,"-","Ⅱ","Ⅰ","Ⅰ","Ⅰ",0,1.48,0.1,0.04,0.044,0,20.7549808665108,3.038218101251,2.1483446221183,2.63117405792109,0
"85","Bijodaira","C","ジュウモンジシダ","f",0,0,0.192307692307692,0.0769230769230769,0.0769230769230769,"-","-","Ⅰ","Ⅰ","Ⅰ",0,0,0.08,0.02,0.02,0,0,3.92232270276368,1.24034734589208,1.24034734589208,0
"86","Bijodaira","C","ゼンマイ","f",0.384615384615385,0.346153846153846,0.423076923076923,0.423076923076923,0.423076923076923,"Ⅱ","Ⅱ","Ⅲ","Ⅲ","Ⅲ",0.38,0.38,0.3,0.4976,0.2512,12.0894104965398,11.4690218213439,11.2660142429822,13.9504618065276,10.8840037881994,1
"87","Bijodaira","C","タチシオデ","h",0,0.0769230769230769,0.115384615384615,0,0,"-","Ⅰ","Ⅰ","-","-",0,0.02,0.04,0,0,0,1.24034734589208,2.1483446221183,0,0,0
"88","Bijodaira","C","タニギキョウ","h",0.153846153846154,0.115384615384615,0,0.230769230769231,0.269230769230769,"Ⅰ","Ⅰ","-","Ⅱ","Ⅱ",0.06,0.06,0,0.14,0.056,3.038218101251,2.63117405792109,0,5.26234811584217,5.68398560058805,0
"89","Bijodaira","C","チゴユリ","h",0.115384615384615,0.192307692307692,0.230769230769231,0.307692307692308,0.269230769230769,"Ⅰ","Ⅰ","Ⅱ","Ⅱ","Ⅱ",0.06,0.1,0.2,0.184,0.14,2.63117405792109,4.38529009653515,6.79366220486757,7.84464540552736,6.1394061351492,1
"90","Bijodaira","C","チヂミザサ","h",0,0.153846153846154,0.0769230769230769,0,0,"-","Ⅰ","Ⅰ","-","-",0,0.08,0.02,0,0,0,3.50823207722812,1.24034734589208,0,0,0
"91","Bijodaira","C","ツクバネソウ","h",0.423076923076923,0.576923076923077,0.269230769230769,0.576923076923077,0.5,"Ⅲ","Ⅲ","Ⅱ","Ⅲ","Ⅲ",0.22,0.32,0.14,0.18,0.112,9.64763821237732,13.5873244097351,6.1394061351492,12.7097781860449,10.9544511501033,1
"92","Bijodaira","C","ツルアリドオシ","h",0.307692307692308,0.423076923076923,0.615384615384615,0.461538461538462,0.538461538461538,"Ⅱ","Ⅲ","Ⅳ","Ⅲ","Ⅲ",0.18,0.4,0.74,0.232,0.236,7.44208407535251,13.0088727117598,21.3397426269535,11.3679712011761,13.1266024662779,1
"93","Bijodaira","C","ツルニンジン","h",0.192307692307692,0.230769230769231,0.230769230769231,0.269230769230769,0.230769230769231,"Ⅰ","Ⅱ","Ⅱ","Ⅱ","Ⅱ",0.1,0.14,0.12,0.132,0.056,4.38529009653515,5.68398560058805,5.26234811584217,6.56330123313894,4.80384461415261,1
"94","Bijodaira","C","ツルリンドウ","h",0.0769230769230769,0.423076923076923,0.5,0.423076923076923,0.423076923076923,"Ⅰ","Ⅲ","Ⅲ","Ⅲ","Ⅲ",0.02,0.2,0.24,0.124,0.328,1.24034734589208,9.198662110078,10.9544511501033,9.198662110078,11.9935880305334,1
"95","Bijodaira","C","トウバナ","h",0,0.0769230769230769,0.115384615384615,0,0,"-","Ⅰ","Ⅰ","-","-",0,0.02,0.04,0,0,0,1.24034734589208,2.1483446221183,0,0,0
"96","Bijodaira","C","トクワカソウ","h",0,0,0.0769230769230769,0.0769230769230769,0,"-","-","Ⅰ","Ⅰ","-",0,0,0.12,0.08,0,0,0,3.038218101251,2.48069469178417,0,0
"97","Bijodaira","C","トチバニンジン","h",0.0769230769230769,0.153846153846154,0.230769230769231,0.230769230769231,0.230769230769231,"Ⅰ","Ⅰ","Ⅱ","Ⅱ","Ⅱ",0.02,0.06,0.1,0.076,0.052,1.24034734589208,3.038218101251,4.80384461415261,4.80384461415261,4.80384461415261,1
"98","Bijodaira","C","トンボソウ","h",0,0,0.0769230769230769,0,0,"-","-","Ⅰ","-","-",0,0,0.02,0,0,0,0,1.24034734589208,0,0,0
"99","Bijodaira","C","ナルコユリ","h",0,0.115384615384615,0,0.0769230769230769,0.0769230769230769,"-","Ⅰ","-","Ⅰ","Ⅰ",0,0.04,0,0.008,0.004,0,2.1483446221183,0,1.24034734589208,1.24034734589208,0
"100","Bijodaira","C","ハイイヌツゲ","ds",0.346153846153846,0.423076923076923,0.692307692307692,0.576923076923077,0.538461538461538,"Ⅱ","Ⅲ","Ⅳ","Ⅲ","Ⅲ",0.16,0.22,0.4,0.136,0.156,7.44208407535251,9.64763821237732,16.6410058867569,12.7097781860449,11.8321595661992,1
"101","Bijodaira","C","ハクモウイノデ","f",0.346153846153846,0.115384615384615,0,0,0,"Ⅱ","Ⅰ","-","-","-",0.76,0.2,0,0,0,16.2196462068975,4.80384461415261,0,0,0,0
"102","Bijodaira","C","ハリガネワラビ","f",0,0,0.0769230769230769,0.0769230769230769,0.0769230769230769,"-","-","Ⅰ","Ⅰ","Ⅰ",0,0,0.02,0.02,0.02,0,0,1.24034734589208,1.24034734589208,1.24034734589208,0
"103","Bijodaira","C","ヒメカンアオイ","h",0.192307692307692,0.192307692307692,0.269230769230769,0.269230769230769,0.346153846153846,"Ⅰ","Ⅰ","Ⅱ","Ⅱ","Ⅱ",0.08,0.12,0.24,0.136,0.092,3.92232270276368,4.80384461415261,8.038369524685,6.1394061351492,7.44208407535251,1
"104","Bijodaira","C","ヒメカンスゲ","h",0,0,0.0769230769230769,0,0,"-","-","Ⅰ","-","-",0,0,0.04,0,0,0,0,1.75411603861406,0,0,0
"105","Bijodaira","C","ヒメモチ","ds",0.269230769230769,0.269230769230769,0.423076923076923,0.384615384615385,0.384615384615385,"Ⅱ","Ⅱ","Ⅲ","Ⅱ","Ⅱ",0.12,0.12,0.22,0.136,0.06,5.68398560058805,5.68398560058805,9.64763821237732,8.32050294337844,8.32050294337844,1
"106","Bijodaira","C","ヒロハテンナンショウ","h",0,0,0,0.0769230769230769,0,"-","-","-","Ⅰ","-",0,0,0,0.008,0,0,0,0,1.24034734589208,0,0
"107","Bijodaira","C","ヒロハユキザサ","h",0,0,0,0.0769230769230769,0.0769230769230769,"-","-","-","Ⅰ","Ⅰ",0,0,0,0.02,0.04,0,0,0,1.24034734589208,1.75411603861406,0
"108","Bijodaira","C","ベニシダ","f",0,0.115384615384615,0.115384615384615,0.0769230769230769,0,"-","Ⅰ","Ⅰ","Ⅰ","-",0,0.04,0.16,0.02,0,0,2.1483446221183,4.2966892442366,1.24034734589208,0,0
"109","Bijodaira","C","ホウチャクソウ","h",0,0.0769230769230769,0.0769230769230769,0,0,"-","Ⅰ","Ⅰ","-","-",0,0.02,0.02,0,0,0,1.24034734589208,1.24034734589208,0,0,0
"110","Bijodaira","C","ホソバトウゲシバ","f",0.115384615384615,0.269230769230769,0.269230769230769,0.153846153846154,0.153846153846154,"Ⅰ","Ⅱ","Ⅱ","Ⅰ","Ⅰ",0.14,0.26,0.16,0.056,0.06,4.0191847623425,8.36660026534075,6.56330123313894,3.038218101251,3.038218101251,1
"111","Bijodaira","C","ホソバナライシダ","f",0,0.153846153846154,0.0769230769230769,0,0.115384615384615,"-","Ⅰ","Ⅰ","-","Ⅰ",0,0.48,0.02,0,0.084,0,7.84464540552736,1.24034734589208,0,3.39683110243379,0
"112","Bijodaira","C","マムシグサ","h",0.0769230769230769,0.115384615384615,0.115384615384615,0.153846153846154,0,"Ⅰ","Ⅰ","Ⅰ","Ⅰ","-",0.02,0.04,0.04,0.044,0,1.24034734589208,2.1483446221183,2.1483446221183,3.038218101251,0,0
"113","Bijodaira","C","ミゾシダ","f",0,0,0,0,0.0769230769230769,"-","-","-","-","Ⅰ",0,0,0,0,0.004,0,0,0,0,1.24034734589208,0
"114","Bijodaira","C","ミツバオウレン","h",0,0,0,0,0.0769230769230769,"-","-","-","-","Ⅰ",0,0,0,0,0.02,0,0,0,0,1.24034734589208,0
"115","Bijodaira","C","ミヤマアキノキリンソウ","h",0,0,0.115384615384615,0.0769230769230769,0.0769230769230769,"-","-","Ⅰ","Ⅰ","Ⅰ",0,0,0.04,0.02,0.008,0,0,2.1483446221183,1.24034734589208,1.24034734589208,0
"116","Bijodaira","C","ミヤマイタチシダ","f",0,0,0,0.807692307692308,0.923076923076923,"-","-","-","Ⅴ","Ⅴ",0,0,0,1.608,2.824,0,0,0,35.2682031559045,46.0768588672983,0
"117","Bijodaira","C","ミヤマウズラ","h",0.0769230769230769,0.115384615384615,0.153846153846154,0.0769230769230769,0.115384615384615,"Ⅰ","Ⅰ","Ⅰ","Ⅰ","Ⅰ",0.02,0.04,0.06,0.02,0.044,1.24034734589208,2.1483446221183,3.038218101251,1.24034734589208,2.63117405792109,1
"118","Bijodaira","C","ミヤマカンスゲ","h",0.192307692307692,0.0769230769230769,0.192307692307692,0.115384615384615,0.153846153846154,"Ⅰ","Ⅰ","Ⅰ","Ⅰ","Ⅰ",0.1,0.02,0.1,0.016,0.028,4.38529009653515,1.24034734589208,4.38529009653515,2.1483446221183,3.038218101251,1
"119","Bijodaira","C","ミヤマシグレ","ds",0,0,0,0.115384615384615,0.0769230769230769,"-","-","-","Ⅰ","Ⅰ",0,0,0,0.016,0.02,0,0,0,2.1483446221183,1.24034734589208,0
"120","Bijodaira","C","ミヤマシケシダ","f",0,0.269230769230769,0.807692307692308,0.307692307692308,0.115384615384615,"-","Ⅱ","Ⅴ","Ⅱ","Ⅰ",0,0.52,2.66,0.472,0.24,0,10.8840037881994,42.3447390247823,11.896993802573,5.26234811584217,0
"121","Bijodaira","C","ミヤマタニタデ","h",0.115384615384615,0.153846153846154,0,0,0,"Ⅰ","Ⅰ","-","-","-",0.04,0.12,0,0,0,2.1483446221183,4.2966892442366,0,0,0,0
"122","Bijodaira","C","ミヤマベニシダ","f",0.192307692307692,0,0.0769230769230769,0,0,"Ⅰ","-","Ⅰ","-","-",0.08,0,0.08,0,0,3.92232270276368,0,2.48069469178417,0,0,0
"123","Bijodaira","C","モミジハグマ","h",0,0.307692307692308,0.307692307692308,0.269230769230769,0.307692307692308,"-","Ⅱ","Ⅱ","Ⅱ","Ⅱ",0,1.16,0.54,0.412,0.264,0,13.5873244097351,11.3679712011761,9.8449518497084,9.28190961784514,0
"124","Bijodaira","C","ヤグルマソウ","h",0,0,0,0.0769230769230769,0.115384615384615,"-","-","-","Ⅰ","Ⅰ",0,0,0,0.008,0.008,0,0,0,1.24034734589208,2.1483446221183,0
"125","Bijodaira","C","ヤブコウジ","ds",0.0769230769230769,0.0769230769230769,0.115384615384615,0.0769230769230769,0.115384615384615,"Ⅰ","Ⅰ","Ⅰ","Ⅰ","Ⅰ",0.04,0.02,0.04,0.02,0.024,1.75411603861406,1.24034734589208,2.1483446221183,1.24034734589208,2.1483446221183,1
"126","Bijodaira","C","ヤマイヌワラビ","f",0,0,0.384615384615385,0.5,0.423076923076923,"-","-","Ⅱ","Ⅲ","Ⅲ",0,0,0.42,0.484,0.292,0,0,11.4354374979373,14.4913767461894,11.6354894776548,0
"127","Bijodaira","C","ヤマソテツ","f",1,1,0.961538461538462,1,1,"Ⅴ","Ⅴ","Ⅴ","Ⅴ","Ⅴ",4.36,11.12,14.24,10.604,13.92,66.0302960768767,66.932802122726,68.2191040240646,65.1152823843988,69.8569967862919,1
"128","Bijodaira","C","ヤマトウバナ","h",0,0,0,0,0.0769230769230769,"-","-","-","-","Ⅰ",0,0,0,0,0.004,0,0,0,0,1.24034734589208,0
"129","Bijodaira","C","ヤマトユキザサ","h",0,0,0.0769230769230769,0.230769230769231,0.0769230769230769,"-","-","Ⅰ","Ⅱ","Ⅰ",0,0,0.02,0.096,0.004,0,0,1.24034734589208,5.26234811584217,1.24034734589208,0
"130","Bijodaira","C","ヤマドリゼンマイ","f",0,0.0769230769230769,0,0.538461538461538,0.576923076923077,"-","Ⅰ","-","Ⅲ","Ⅲ",0,0.4,0,2,2.124,0,3.92232270276368,0,27.4562589193458,27.1746488194703,0
"131","Bijodaira","C","ヤワラシダ","f",0.538461538461538,0,0,0.0769230769230769,0.115384615384615,"Ⅲ","-","-","Ⅰ","Ⅰ",1.62,0,0,0.04,0.04,29.5348555491252,0,0,1.75411603861406,2.1483446221183,0
"132","Bijodaira","C","ユキザサ","h",0.384615384615385,0.538461538461538,0.346153846153846,0.538461538461538,0.576923076923077,"Ⅱ","Ⅲ","Ⅱ","Ⅲ","Ⅲ",0.18,0.28,0.16,0.4,0.2464,8.32050294337844,12.2788122702984,7.44208407535251,14.6759877141069,13.1558702896054,1
"133","Bijodaira","C","ヨツバヒヨドリ","h",0.0769230769230769,0.0769230769230769,0,0,0,"Ⅰ","Ⅰ","-","-","-",0.02,0.02,0,0,0,1.24034734589208,1.24034734589208,0,0,0,0
"134","Bijodaira","L","エビヅル","l",0,0,0.0769230769230769,0,0,"-","-","Ⅰ","-","-",0,0,0.02,0,0,0,0,1.24034734589208,0,0,0
"135","Bijodaira","L","オオカモメヅル","l",0,0,0.0769230769230769,0,0,"-","-","Ⅰ","-","-",0,0,0.02,0,0,0,0,1.24034734589208,0,0,0
"136","Bijodaira","S","クマイザサ","sasa",0,0.0769230769230769,0.115384615384615,0.115384615384615,0.576923076923077,"-","Ⅰ","Ⅰ","Ⅰ","Ⅲ",0,0.02,0.04,0.032,0.496,0,1.24034734589208,2.1483446221183,2.1483446221183,17.3205080756888,0
"137","Bijodaira","S","チシマザサ","sasa",0.961538461538462,0.884615384615385,0.692307692307692,0.769230769230769,0.807692307692308,"Ⅴ","Ⅴ","Ⅳ","Ⅳ","Ⅴ",3.36,9.46,5,1.98,2.056,56.8398560058805,53.3709803026096,38.6702031981294,37.0031183717098,37.4884597627672,1
"138","Bunazaka","B2","アオダモ","bl",0.586206896551724,0.620689655172414,0.758620689655172,0.724137931034483,0.793103448275862,"Ⅲ","Ⅳ","Ⅳ","Ⅳ","Ⅳ",0.321428571428571,0.5,0.857142857142857,1.16428571428571,1.63214285714286,13.7267492626695,17.6166065854411,24.9630268469111,27.8543007265578,31.4861764961201,1
"139","Bunazaka","B2","アカミノイヌツゲ","bs",0,0,0.137931034482759,0.0689655172413793,0.137931034482759,"-","-","Ⅰ","Ⅰ","Ⅰ",0,0,0.0535714285714286,0.0357142857142857,0.0464285714285714,0,0,2.71830141109781,1.56941205143586,3.13882410287172,0
"140","Bunazaka","B2","アクシバ","bs",0.344827586206897,0.448275862068966,0.517241379310345,0.551724137931034,0.517241379310345,"Ⅱ","Ⅲ","Ⅲ","Ⅲ","Ⅲ",0.160714285714286,0.232142857142857,0.321428571428571,0.239285714285714,0.503571428571429,7.44437500478198,10.2011783343331,12.8940357388782,13.3169028485543,16.0816880225669,1
"141","Bunazaka","B2","ウスノキ","bs",0,0,0.0689655172413793,0.0689655172413793,0.0689655172413793,"-","-","Ⅰ","Ⅰ","Ⅰ",0,0,0.0357142857142857,0.0178571428571429,0.0535714285714286,0,0,1.56941205143586,1.10974190404619,1.56941205143586,0
"142","Bunazaka","B2","ウリハダカエデ","bl",0.689655172413793,0.689655172413793,0.758620689655172,0.827586206896552,0.862068965517241,"Ⅳ","Ⅳ","Ⅳ","Ⅴ","Ⅴ",0.339285714285714,0.339285714285714,0.464285714285714,0.45,0.425714285714286,15.2967365076101,15.2967365076101,18.7674385244357,20.3419051086243,21.8452912264514,1
"143","Bunazaka","B2","ウワミズザクラ","bl",0.310344827586207,0.448275862068966,0.862068965517241,0.862068965517241,0.896551724137931,"Ⅱ","Ⅲ","Ⅴ","Ⅴ","Ⅴ",0.160714285714286,0.25,0.660714285714286,0.692857142857143,1.025,7.06235423146138,10.5862630572474,23.8659020526813,25.1228508626704,28.8532895052009,1
"144","Bunazaka","B2","エゾユズリハ","bs",1,1,1,1,0.896551724137931,"Ⅴ","Ⅴ","Ⅴ","Ⅴ","Ⅴ",4.03571428571429,6.60714285714286,3.05357142857143,2.00714285714286,1.86785714285714,63.5272719838833,62.1059003408119,48.7339717240448,42.2577127364258,37.7475409436249,1
"145","Bunazaka","B2","オオカメノキ","bs",1,0.96551724137931,1,1,1,"Ⅴ","Ⅴ","Ⅴ","Ⅴ","Ⅴ",3.94642857142857,6.625,11.4642857142857,10.9642857142857,11.1785714285714,62.8206062644143,61.1668154340638,66.5475125648692,67.0820393249937,67.0820393249937,1
"146","Bunazaka","B2","オオバクロモジ","bs",0.931034482758621,0.896551724137931,1,1,1,"Ⅴ","Ⅴ","Ⅴ","Ⅴ","Ⅴ",3.71428571428571,6.46428571428571,7.07142857142857,6.64285714285714,8.07142857142857,58.8058507192757,57.1490144465917,63.2455532033676,62.1059003408119,62.6783170528009,1
"147","Bunazaka","B2","クマイチゴ","bs",0,0.0689655172413793,0,0,0,"-","Ⅰ","-","-","-",0,0.0178571428571429,0,0,0,0,1.10974190404619,0,0,0,0
"148","Bunazaka","B2","コシアブラ","bl",0.655172413793103,0.758620689655172,0.896551724137931,1,0.96551724137931,"Ⅳ","Ⅳ","Ⅴ","Ⅴ","Ⅴ",0.321428571428571,0.464285714285714,0.571428571428571,1.00357142857143,1.06785714285714,14.5117584394492,18.7674385244357,22.6343824951325,30.7640792390829,31.6227766016838,1
"149","Bunazaka","B2","コハウチワカエデ","bl",0,0,0,0.103448275862069,0,"-","-","-","Ⅰ","-",0,0,0,0.0142857142857143,0,0,0,0,1.92212936109622,0,0
"150","Bunazaka","B2","コミネカエデ","bs",0.103448275862069,0.0689655172413793,0.172413793103448,0.206896551724138,0.310344827586207,"Ⅰ","Ⅰ","Ⅰ","Ⅱ","Ⅱ",0.0357142857142857,0.0178571428571429,0.107142857142857,0.121428571428571,0.146428571428571,1.92212936109622,1.10974190404619,4.2980119129594,5.08547627715608,7.44437500478198,1
"151","Bunazaka","B2","コヨウラクツツジ","bs",0.0689655172413793,0,0,0,0,"Ⅰ","-","-","-","-",0.0178571428571429,0,0,0,0,1.10974190404619,0,0,0,0,0
"152","Bunazaka","B2","サワフタギ","bs",0.344827586206897,0.344827586206897,0.551724137931034,0.655172413793103,0.655172413793103,"Ⅱ","Ⅱ","Ⅲ","Ⅳ","Ⅳ",0.517857142857143,0.446428571428571,0.714285714285714,0.692857142857143,0.932142857142857,13.3630620956212,12.4072916746366,19.8516666794186,20.8058110488155,24.1862640657487,1
"153","Bunazaka","B2","シナノキ","bl",0,0,0.0689655172413793,0,0.0689655172413793,"-","-","Ⅰ","-","Ⅰ",0,0,0.0178571428571429,0,0.0107142857142857,0,0,1.10974190404619,0,1.10974190404619,0
"154","Bunazaka","B2","スギ","cl",0.206896551724138,0.275862068965517,0.551724137931034,0.551724137931034,0.482758620689655,"Ⅱ","Ⅱ","Ⅲ","Ⅲ","Ⅲ",0.125,0.178571428571429,0.642857142857143,0.735714285714286,0.646428571428571,5.08547627715608,7.01862406343596,18.302332350226,19.8516666794186,17.3702083444913,1
"155","Bunazaka","B2","タニウツギ","bs",0,0,0.0689655172413793,0.103448275862069,0,"-","-","Ⅰ","Ⅰ","-",0,0,0.0714285714285714,0.0892857142857143,0,0,0,2.21948380809238,3.03915336927415,0,0
"156","Bunazaka","B2","タムシバ","bs",0.517241379310345,0.586206896551724,0.724137931034483,0.827586206896552,0.758620689655172,"Ⅲ","Ⅲ","Ⅳ","Ⅴ","Ⅳ",0.392857142857143,0.535714285714286,0.696428571428571,0.6,0.775,14.254892859764,17.7211570972946,21.8734605369628,23.3837129121243,24.1352919035784,1
"157","Bunazaka","B2","タラノキ","bs",0.0689655172413793,0,0,0.0689655172413793,0.0689655172413793,"Ⅰ","-","-","Ⅰ","Ⅰ",0.0178571428571429,0,0,0.0178571428571429,0.0178571428571429,1.10974190404619,0,0,1.10974190404619,1.10974190404619,0
"158","Bunazaka","B2","ツノハシバミ","bs",0.103448275862069,0,0.0689655172413793,0.0689655172413793,0.0689655172413793,"Ⅰ","-","Ⅰ","Ⅰ","Ⅰ",0.125,0,0.0178571428571429,0.0357142857142857,0.0357142857142857,3.59597476114038,0,1.10974190404619,1.56941205143586,1.56941205143586,0
"159","Bunazaka","B2","トチノキ","bl",0.137931034482759,0.103448275862069,0.586206896551724,0.275862068965517,0.206896551724138,"Ⅰ","Ⅰ","Ⅲ","Ⅱ","Ⅱ",0.0535714285714286,0.0357142857142857,0.321428571428571,0.157142857142857,0.0428571428571429,2.71830141109781,1.92212936109622,13.7267492626695,7.01862406343596,4.2980119129594,1
"160","Bunazaka","B2","ナナカマド","bs",0.344827586206897,0.551724137931034,0.827586206896552,0.724137931034483,0.724137931034483,"Ⅱ","Ⅲ","Ⅴ","Ⅳ","Ⅳ",0.178571428571429,0.410714285714286,0.517857142857143,0.496428571428571,0.371428571428571,7.84706025717931,14.3838990445615,20.7019667802706,20.0215401247136,17.6166065854411,1
"161","Bunazaka","B2","ノリウツギ","bs",0.517241379310345,0.620689655172414,0.724137931034483,0.793103448275862,0.655172413793103,"Ⅲ","Ⅳ","Ⅳ","Ⅳ","Ⅳ",0.517857142857143,0.767857142857143,1.19642857142857,1.20714285714286,1.11428571428571,16.3663417676994,21.3174458492791,28.0854607127652,29.8704097613398,25.5963359446836,1
"162","Bunazaka","B2","ハウチワカエデ","bl",0.517241379310345,0.620689655172414,0.896551724137931,1,0.862068965517241,"Ⅲ","Ⅳ","Ⅴ","Ⅴ","Ⅴ",1.30357142857143,1.75,2.53571428571429,2.76071428571429,2.11428571428571,25.9665377696728,28.2494169258455,39.6101693664819,44.3202630213959,36.8059750985579,1
"163","Bunazaka","B2","ハナイカダ","bs",0.0689655172413793,0,0,0,0,"Ⅰ","-","-","-","-",0.0178571428571429,0,0,0,0,1.10974190404619,0,0,0,0,0
"164","Bunazaka","B2","ハナヒリノキ","bs",0,0.103448275862069,0.206896551724138,0.206896551724138,0.103448275862069,"-","Ⅰ","Ⅱ","Ⅱ","Ⅰ",0,0.0357142857142857,0.160714285714286,0.110714285714286,0.107142857142857,0,1.92212936109622,5.76638808328867,5.08547627715608,3.32922571213856,0
"165","Bunazaka","B2","ハリギリ","bl",0.103448275862069,0.103448275862069,0.275862068965517,0.275862068965517,0.172413793103448,"Ⅰ","Ⅰ","Ⅱ","Ⅱ","Ⅰ",0.0357142857142857,0.0357142857142857,0.125,0.0857142857142857,0.0471428571428571,1.92212936109622,1.92212936109622,5.87220219514703,5.87220219514703,3.50931203171798,1
"166","Bunazaka","B2","ヒメアオキ","bs",0.172413793103448,0.310344827586207,0.655172413793103,0.689655172413793,0.620689655172414,"Ⅰ","Ⅱ","Ⅳ","Ⅳ","Ⅳ",0.0714285714285714,0.160714285714286,0.482142857142857,0.375,0.2,3.50931203171798,7.06235423146138,17.7732017235891,17.5465601585899,14.1247084629228,1
"167","Bunazaka","B2","ヒメウスノキ","bs",0,0,0.0689655172413793,0,0,"-","-","Ⅰ","-","-",0,0,0.0178571428571429,0,0,0,0,1.10974190404619,0,0,0
"168","Bunazaka","B2","ブナ","bl",0.724137931034483,0.793103448275862,0.96551724137931,1,1,"Ⅳ","Ⅳ","Ⅴ","Ⅴ","Ⅴ",2,3.25,2.80357142857143,2.61071428571429,3.2,38.0562197553694,39.4700110640853,45.675013919557,45.3163483587483,47.9955355066638,1
"169","Bunazaka","B2","ホオノキ","bl",0.172413793103448,0.137931034482759,0.344827586206897,0.517241379310345,0.413793103448276,"Ⅰ","Ⅰ","Ⅱ","Ⅲ","Ⅲ",0.0714285714285714,0.107142857142857,0.303571428571429,0.435714285714286,0.264285714285714,3.50931203171798,3.84425872219245,9.61064680548112,14.5752675325471,11.2078438402218,1
"170","Bunazaka","B2","ホツツジ","bs",0,0,0.0689655172413793,0,0,"-","-","Ⅰ","-","-",0,0,0.0714285714285714,0,0,0,0,2.21948380809238,0,0,0
"171","Bunazaka","B2","マルバマンサク","bs",0.103448275862069,0.103448275862069,0.103448275862069,0.103448275862069,0.137931034482759,"Ⅰ","Ⅰ","Ⅰ","Ⅰ","Ⅰ",0.0357142857142857,0.0357142857142857,0.0892857142857143,0.025,0.05,1.92212936109622,1.92212936109622,3.03915336927415,1.92212936109622,3.13882410287172,1
"172","Bunazaka","B2","ミズキ","bl",0.0689655172413793,0,0.206896551724138,0.379310344827586,0.379310344827586,"Ⅰ","-","Ⅱ","Ⅱ","Ⅱ",0.0178571428571429,0,0.142857142857143,0.153571428571429,0.0892857142857143,1.10974190404619,0,5.43660282219562,8.63176628289724,8.230066229854,0
"173","Bunazaka","B2","ミズナラ","bl",0,0,0.103448275862069,0,0,"-","-","Ⅰ","-","-",0,0,0.0357142857142857,0,0,0,0,1.92212936109622,0,0,0
"174","Bunazaka","B2","ミズメ","bl",0,0,0.0689655172413793,0.0689655172413793,0,"-","-","Ⅰ","Ⅰ","-",0,0,0.0178571428571429,0.00357142857142857,0,0,0,1.10974190404619,1.10974190404619,0,0
"175","Bunazaka","B2","ヤマウルシ","bs",0.482758620689655,0.586206896551724,0.620689655172414,0.586206896551724,0.551724137931034,"Ⅲ","Ⅲ","Ⅳ","Ⅲ","Ⅲ",0.267857142857143,0.410714285714286,0.392857142857143,0.5,0.675,11.3714706536836,15.5165571825076,15.6154527482241,16.8117657603327,16.9030850945703,1
"176","Bunazaka","B2","ヤマモミジ","bl",0.206896551724138,0.103448275862069,0.241379310344828,0.344827586206897,0.413793103448276,"Ⅱ","Ⅰ","Ⅱ","Ⅱ","Ⅲ",0.107142857142857,0.0357142857142857,0.107142857142857,0.142857142857143,0.253571428571429,4.70823615430758,1.92212936109622,5.08547627715608,8.59602382591879,10.8732056443912,1
"177","Bunazaka","B2","リョウブ","bl",0.793103448275862,0.793103448275862,0.96551724137931,1,0.96551724137931,"Ⅳ","Ⅳ","Ⅴ","Ⅴ","Ⅴ",1.26785714285714,2.125,3.57142857142857,3.78928571428571,4.81428571428571,31.7102802245767,38.1935052379921,48.7781748820883,50.3558763771845,52.6864505254009,1
"178","Bunazaka","C","イヌガンソク","f",0,0,0.137931034482759,0.103448275862069,0.103448275862069,"-","-","Ⅰ","Ⅰ","Ⅰ",0,0,0.0892857142857143,0.0535714285714286,0.0535714285714286,0,0,3.50931203171798,2.35411807715379,2.35411807715379,0
"179","Bunazaka","C","イワナシ","ds",0.0689655172413793,0.0689655172413793,0.0689655172413793,0.103448275862069,0.103448275862069,"Ⅰ","Ⅰ","Ⅰ","Ⅰ","Ⅰ",0.0178571428571429,0.0178571428571429,0.0178571428571429,0.0178571428571429,0.0107142857142857,1.10974190404619,1.10974190404619,1.10974190404619,1.92212936109622,1.92212936109622,1
"180","Bunazaka","C","イワハリガネワラビ","f",0,0,0.241379310344828,0.241379310344828,0.172413793103448,"-","-","Ⅱ","Ⅱ","Ⅰ",0,0,0.785714285714286,2.94642857142857,0.382142857142857,0,0,10.1709525543122,11.1803398874989,6.56532164298613,0
"181","Bunazaka","C","エンレイソウ","h",0.0689655172413793,0,0,0,0,"Ⅰ","-","-","-","-",0.0178571428571429,0,0,0,0,1.10974190404619,0,0,0,0,0
"182","Bunazaka","C","オオナルコユリ","h",0,0,0.0689655172413793,0,0,"-","-","Ⅰ","-","-",0,0,0.0178571428571429,0,0,0,0,1.10974190404619,0,0,0
"183","Bunazaka","C","オクモミジハグマ","h",0.137931034482759,0,0,0.103448275862069,0.103448275862069,"Ⅰ","-","-","Ⅰ","Ⅰ",0.0535714285714286,0,0,0.0357142857142857,0.00714285714285714,2.71830141109781,0,0,1.92212936109622,1.92212936109622,0
"184","Bunazaka","C","オシダ","f",0,0,0.0689655172413793,0.103448275862069,0.103448275862069,"-","-","Ⅰ","Ⅰ","Ⅰ",0,0,0.0178571428571429,0.0357142857142857,0.0385714285714286,0,0,1.10974190404619,1.92212936109622,1.92212936109622,0
"185","Bunazaka","C","コイチヨウラン","h",0.0689655172413793,0,0,0,0,"Ⅰ","-","-","-","-",0.0178571428571429,0,0,0,0,1.10974190404619,0,0,0,0,0
"186","Bunazaka","C","コナスビ","h",0,0,0.137931034482759,0.0689655172413793,0,"-","-","Ⅰ","Ⅰ","-",0,0,0.0535714285714286,0.00357142857142857,0,0,0,2.71830141109781,1.10974190404619,0,0
"187","Bunazaka","C","コフタバラン","h",0,0,0,0.0689655172413793,0,"-","-","-","Ⅰ","-",0,0,0,0.00357142857142857,0,0,0,0,1.10974190404619,0,0
"188","Bunazaka","C","ゴマナ","h",0,0.0689655172413793,0.0689655172413793,0,0,"-","Ⅰ","Ⅰ","-","-",0,0.0178571428571429,0.0178571428571429,0,0,0,1.10974190404619,1.10974190404619,0,0,0
"189","Bunazaka","C","シシガシラ","f",0.137931034482759,0.103448275862069,0.172413793103448,0.206896551724138,0.241379310344828,"Ⅰ","Ⅰ","Ⅰ","Ⅱ","Ⅱ",0.0535714285714286,0.0357142857142857,0.0892857142857143,0.075,0.0821428571428571,2.71830141109781,1.92212936109622,3.92353012858965,4.70823615430758,5.49294218002551,1
"190","Bunazaka","C","シノブカグマ","f",0.931034482758621,0.931034482758621,1,0.96551724137931,0.96551724137931,"Ⅴ","Ⅴ","Ⅴ","Ⅴ","Ⅴ",1.89285714285714,2.91071428571429,4.10714285714286,4.20357142857143,4.54642857142857,41.9799389105792,49.0990253030983,56.0611910581388,53.6592055925876,55.5536398137127,1
"191","Bunazaka","C","シュスラン","h",0,0,0.724137931034483,0.724137931034483,0.517241379310345,"-","-","Ⅳ","Ⅳ","Ⅲ",0,0,0.410714285714286,0.125,0.0821428571428571,0,0,17.245689116514,16.0816880225669,11.770590385769,0
"192","Bunazaka","C","シラネワラビ","f",0,0.137931034482759,0.0689655172413793,0.206896551724138,0.275862068965517,"-","Ⅰ","Ⅰ","Ⅱ","Ⅱ",0,0.642857142857143,0.285714285714286,0.625,0.421428571428571,0,7.68851744438489,3.13882410287172,9.61064680548112,10.1709525543122,0
"193","Bunazaka","C","ジュウモンジシダ","f",0,0,0,0.0689655172413793,0,"-","-","-","Ⅰ","-",0,0,0,0.0178571428571429,0,0,0,0,1.10974190404619,0,0
"194","Bunazaka","C","タケシマラン","h",0.0689655172413793,0,0,0,0,"Ⅰ","-","-","-","-",0.0714285714285714,0,0,0,0,2.21948380809238,0,0,0,0,0
"195","Bunazaka","C","タチシオデ","h",0.0689655172413793,0,0,0,0,"Ⅰ","-","-","-","-",0.0178571428571429,0,0,0,0,1.10974190404619,0,0,0,0,0
"196","Bunazaka","C","タニギキョウ","h",0.103448275862069,0.103448275862069,0.137931034482759,0.137931034482759,0.0689655172413793,"Ⅰ","Ⅰ","Ⅰ","Ⅰ","Ⅰ",0.0357142857142857,0.0357142857142857,0.0535714285714286,0.025,0.0178571428571429,1.92212936109622,1.92212936109622,2.71830141109781,2.71830141109781,1.10974190404619,1
"197","Bunazaka","C","チゴユリ","h",0,0,0.482758620689655,0.482758620689655,0.517241379310345,"-","-","Ⅲ","Ⅲ","Ⅲ",0,0,0.25,0.114285714285714,0.128571428571429,0,0,10.985884360051,10.5862630572474,11.3714706536836,0
"198","Bunazaka","C","ツクバネソウ","h",0.310344827586207,0.413793103448276,0.551724137931034,0.448275862068966,0.448275862068966,"Ⅱ","Ⅲ","Ⅲ","Ⅲ","Ⅲ",0.142857142857143,0.196428571428571,0.285714285714286,0.0857142857142857,0.05,6.65845142427713,9.01558584770507,12.5552964114869,9.80097511987928,9.80097511987928,1
"199","Bunazaka","C","ツルアリドオシ","h",0.96551724137931,1,1,0.96551724137931,1,"Ⅴ","Ⅴ","Ⅴ","Ⅴ","Ⅴ",0.696428571428571,1.07142857142857,1.98214285714286,0.639285714285714,0.864285714285714,25.930942773132,32.7326835353989,42.0458932936041,24.913643956122,30.1780431061109,1
"200","Bunazaka","C","ツルリンドウ","h",0.172413793103448,0.206896551724138,0.275862068965517,0.310344827586207,0.241379310344828,"Ⅰ","Ⅱ","Ⅱ","Ⅱ","Ⅱ",0.0714285714285714,0.0892857142857143,0.125,0.0821428571428571,0.0821428571428571,3.50931203171798,4.2980119129594,5.87220219514703,6.65845142427713,5.49294218002551,1
"201","Bunazaka","C","トウバナ","h",0,0,0.0689655172413793,0,0,"-","-","Ⅰ","-","-",0,0,0.0178571428571429,0,0,0,0,1.10974190404619,0,0,0
"202","Bunazaka","C","トチバニンジン","h",0,0,0.0689655172413793,0.0689655172413793,0,"-","-","Ⅰ","Ⅰ","-",0,0,0.0178571428571429,0.00714285714285714,0,0,0,1.10974190404619,1.10974190404619,0,0
"203","Bunazaka","C","ハイイヌツゲ","ds",0.172413793103448,0.344827586206897,0.413793103448276,0.448275862068966,0.413793103448276,"Ⅰ","Ⅱ","Ⅲ","Ⅲ","Ⅲ",0.0714285714285714,0.178571428571429,0.196428571428571,0.121428571428571,0.0928571428571429,3.50931203171798,7.84706025717931,9.01558584770507,10.2011783343331,9.41647230861517,1
"204","Bunazaka","C","ヒメカンアオイ","h",0.655172413793103,0.724137931034483,0.827586206896552,0.931034482758621,0.96551724137931,"Ⅳ","Ⅳ","Ⅴ","Ⅴ","Ⅴ",0.339285714285714,0.571428571428571,0.625,0.364285714285714,0.321428571428571,14.9094144886407,20.3419051086243,22.7429413073671,21.957751641342,21.9717687201021,1
"205","Bunazaka","C","ヒメモチ","ds",0.137931034482759,0.551724137931034,0.896551724137931,1,0.96551724137931,"Ⅰ","Ⅲ","Ⅴ","Ⅴ","Ⅴ",0.0535714285714286,0.285714285714286,0.535714285714286,0.453571428571429,0.346428571428571,2.71830141109781,12.5552964114869,21.9156466138342,23.528098702858,21.9717687201021,1
"206","Bunazaka","C","ヒロハユキザサ","h",0,0,0,0.103448275862069,0,"-","-","-","Ⅰ","-",0,0,0,0.025,0,0,0,0,1.92212936109622,0,0
"207","Bunazaka","C","ベニシダ","f",0,0,0.0689655172413793,0,0,"-","-","Ⅰ","-","-",0,0,0.0178571428571429,0,0,0,0,1.10974190404619,0,0,0
"208","Bunazaka","C","ホソバトウゲシバ","f",0.137931034482759,0.172413793103448,0.275862068965517,0.206896551724138,0.241379310344828,"Ⅰ","Ⅰ","Ⅱ","Ⅱ","Ⅱ",0.0892857142857143,0.214285714285714,0.339285714285714,0.164285714285714,0.15,3.50931203171798,6.07830673854831,9.67450562629949,5.76638808328867,6.56532164298613,1
"209","Bunazaka","C","ホソバナライシダ","f",0.103448275862069,0.0689655172413793,0,0.0689655172413793,0.206896551724138,"Ⅰ","Ⅰ","-","Ⅰ","Ⅱ",0.0357142857142857,0.0178571428571429,0,0.107142857142857,0.146428571428571,1.92212936109622,1.10974190404619,0,2.71830141109781,6.07830673854831,0
"210","Bunazaka","C","ミヤマイタチシダ","f",0,0,0,0.241379310344828,0.206896551724138,"-","-","-","Ⅱ","Ⅱ",0,0,0,0.0821428571428571,0.0571428571428571,0,0,0,5.08547627715608,4.2980119129594,0
"211","Bunazaka","C","ミヤマウズラ","h",0.137931034482759,0.0689655172413793,0,0.103448275862069,0.206896551724138,"Ⅰ","Ⅰ","-","Ⅰ","Ⅱ",0.0535714285714286,0.0178571428571429,0,0.0107142857142857,0.0178571428571429,2.71830141109781,1.10974190404619,0,1.92212936109622,4.2980119129594,0
"212","Bunazaka","C","ミヤマカンスゲ","h",0.0689655172413793,0.103448275862069,0.275862068965517,0.206896551724138,0.241379310344828,"Ⅰ","Ⅰ","Ⅱ","Ⅱ","Ⅱ",0.0178571428571429,0.0535714285714286,0.428571428571429,0.207142857142857,0.167857142857143,1.10974190404619,2.35411807715379,9.41647230861517,6.93033596950727,7.19194952228076,1
"213","Bunazaka","C","ミヤマシキミ","ds",0,0,0.275862068965517,0.310344827586207,0,"-","-","Ⅱ","Ⅱ","-",0,0,0.125,0.0642857142857143,0,0,0,5.87220219514703,6.65845142427713,0,0
"214","Bunazaka","C","ミヤマシグレ","ds",0,0,0.137931034482759,0.137931034482759,0.172413793103448,"-","-","Ⅰ","Ⅰ","Ⅰ",0,0,0.142857142857143,0.25,0.257142857142857,0,0,4.43896761618475,5.87220219514703,6.79575352774453,0
"215","Bunazaka","C","ミヤマシケシダ","f",0,0,0.206896551724138,0.0689655172413793,0,"-","-","Ⅱ","Ⅰ","-",0,0,0.107142857142857,0.00357142857142857,0,0,0,4.70823615430758,1.10974190404619,0,0
"216","Bunazaka","C","モミジハグマ","h",0,0.137931034482759,0.206896551724138,0.137931034482759,0.137931034482759,"-","Ⅰ","Ⅱ","Ⅰ","Ⅰ",0,0.0535714285714286,0.178571428571429,0.0714285714285714,0.0571428571428571,0,2.71830141109781,6.07830673854831,3.13882410287172,3.13882410287172,0
"217","Bunazaka","C","ヤブコウジ","ds",0.206896551724138,0.275862068965517,0.413793103448276,0.448275862068966,0.413793103448276,"Ⅱ","Ⅱ","Ⅲ","Ⅲ","Ⅲ",0.0892857142857143,0.125,0.214285714285714,0.192857142857143,0.0892857142857143,4.2980119129594,5.87220219514703,9.41647230861517,10.9578233069171,9.01558584770507,1
"218","Bunazaka","C","ヤマイヌワラビ","f",0,0,0,0.0689655172413793,0,"-","-","-","Ⅰ","-",0,0,0,0.00714285714285714,0,0,0,0,1.10974190404619,0,0
"219","Bunazaka","C","ヤマソテツ","f",1,1,1,1,1,"Ⅴ","Ⅴ","Ⅴ","Ⅴ","Ⅴ",3.91071428571429,8.5,7,8.60714285714286,9.53571428571429,62.5357040874594,65.7375735133916,62.6783170528009,66.2786326266402,66.2786326266402,1
"220","Bunazaka","C","ヤマトユキザサ","h",0,0.862068965517241,0.96551724137931,0.96551724137931,0.758620689655172,"-","Ⅴ","Ⅴ","Ⅴ","Ⅳ",0,1.23214285714286,1.875,1.275,0.75,0,32.1154782135764,38.7298334620742,33.9878274356144,23.5673231235926,0
"221","Bunazaka","C","ヤマドリゼンマイ","f",0.0689655172413793,0.0689655172413793,0,0.0689655172413793,0.0689655172413793,"Ⅰ","Ⅰ","-","Ⅰ","Ⅰ",0.0178571428571429,0.0178571428571429,0,0.0357142857142857,0.0357142857142857,1.10974190404619,1.10974190404619,0,1.56941205143586,1.56941205143586,0
"222","Bunazaka","C","ヤワラシダ","f",0.172413793103448,0,0,0,0,"Ⅰ","-","-","-","-",0.446428571428571,0,0,0,0,8.77328007929495,0,0,0,0,0
"223","Bunazaka","C","ユキザサ","h",0.862068965517241,0.0689655172413793,0.103448275862069,0.310344827586207,0.689655172413793,"Ⅴ","Ⅰ","Ⅰ","Ⅱ","Ⅳ",0.732142857142857,0.0178571428571429,0.0714285714285714,0.264285714285714,0.678571428571429,25.1228508626704,1.10974190404619,2.71830141109781,8.80830329272055,21.9156466138342,1
"224","Bunazaka","C","リョウメンシダ","f",0,0,0.172413793103448,0,0,"-","-","Ⅰ","-","-",0,0,0.214285714285714,0,0,0,0,5.54870952023094,0,0,0
"225","Bunazaka","S","クマイザサ","sasa",0,0,0.0689655172413793,0,0,"-","-","Ⅰ","-","-",0,0,0.0357142857142857,0,0,0,0,1.56941205143586,0,0,0
"226","Bunazaka","S","チシマザサ","sasa",1,0.96551724137931,1,1,1,"Ⅴ","Ⅴ","Ⅴ","Ⅴ","Ⅴ",7.17857142857143,43.9285714285714,28.1071428571429,16.6071428571429,15.5714285714286,84.7264505840498,81.7903122161408,76.2982868184376,69.9489609848291,69.9489609848291,1
"227","Bunadaira","B2","アオダモ","bl",0,0,0,0,0.0769230769230769,"-","-","-","-","Ⅰ",0,0,0,0,0.004,0,0,0,0,1.24034734589208,0
"228","Bunadaira","B2","アカミノイヌツゲ","bs",0,0.0769230769230769,0,0,0.0769230769230769,"-","Ⅰ","-","-","Ⅰ",0,0.02,0,0,0.06,0,1.24034734589208,0,0,1.75411603861406,0
"229","Bunadaira","B2","アクシバ","bs",0.153846153846154,0.153846153846154,0.307692307692308,0.615384615384615,0.538461538461538,"Ⅰ","Ⅰ","Ⅱ","Ⅳ","Ⅲ",0.06,0.06,0.12,0.772,0.62,3.038218101251,3.038218101251,7.01646415445623,21.0493924633687,17.3648628424892,1
"230","Bunadaira","B2","ウダイカンバ","bl",0,0,0,0,0.0769230769230769,"-","-","-","-","Ⅰ",0,0,0,0,0.004,0,0,0,0,1.24034734589208,0
"231","Bunadaira","B2","ウリハダカエデ","bl",0.692307692307692,0.730769230769231,0.807692307692308,0.846153846153846,0.730769230769231,"Ⅳ","Ⅳ","Ⅴ","Ⅴ","Ⅳ",1.1,1.28,0.96,1.292,1.032,27.595986330234,29.6128870075695,27.5541425058151,31.3295142244252,27.5680975041804,1
"232","Bunadaira","B2","ウワミズザクラ","bl",0.230769230769231,0.0769230769230769,0.307692307692308,0.423076923076923,0.576923076923077,"Ⅱ","Ⅰ","Ⅱ","Ⅲ","Ⅲ",0.42,0.12,0.192,0.484,0.548,9.8449518497084,3.038218101251,8.59337848847319,13.9504618065276,17.6504521624366,1
"233","Bunadaira","B2","エゾアジサイ","bs",0,0.0769230769230769,0,0,0,"-","Ⅰ","-","-","-",0,0.02,0,0,0,0,1.24034734589208,0,0,0,0
"234","Bunadaira","B2","エゾユズリハ","bs",0.153846153846154,0.192307692307692,0.230769230769231,0.346153846153846,0.307692307692308,"Ⅰ","Ⅰ","Ⅱ","Ⅱ","Ⅱ",0.16,0.28,0.208,0.1592,0.264,4.96138938356834,7.33799385705343,7.12525303194425,8.32050294337844,9.28190961784514,1
"235","Bunadaira","B2","オオカメノキ","bs",1,1,1,1,1,"Ⅴ","Ⅴ","Ⅴ","Ⅴ","Ⅴ",4.92,13.44,11.64,12.3,10.4,70.1427116670007,70.7106781186547,67.5277720645365,69.5701085237043,67.2309452558864,1
"236","Bunadaira","B2","オオバクロモジ","bs",0.961538461538462,0.961538461538462,0.961538461538462,1,1,"Ⅴ","Ⅴ","Ⅴ","Ⅴ","Ⅴ",3.44,6.3,6,6.312,4.064,57.5125404385192,58.9980442961394,57.1771874896866,58.1377674149945,53.6656314599949,1
"237","Bunadaira","B2","オオバスノキ","bs",0.0769230769230769,0,0,0.0769230769230769,0.0769230769230769,"Ⅰ","-","-","Ⅰ","Ⅰ",0.02,0,0,0.04,0.04,1.24034734589208,0,0,1.75411603861406,1.75411603861406,0
"238","Bunadaira","B2","キハダ","bl",0,0,0,0,0.115384615384615,"-","-","-","-","Ⅰ",0,0,0,0,0.044,0,0,0,0,2.63117405792109,0
"239","Bunadaira","B2","コシアブラ","bl",0.576923076923077,0.769230769230769,0.846153846153846,0.923076923076923,0.961538461538462,"Ⅲ","Ⅳ","Ⅴ","Ⅴ","Ⅴ",0.46,0.54,0.8096,1.516,1.216,16.2906296804211,20.3809866146027,26.3409596227274,35.4314071888856,32.8165061656947,1
"240","Bunadaira","B2","コハウチワカエデ","bl",0.269230769230769,0.115384615384615,0.153846153846154,0.0769230769230769,0.0769230769230769,"Ⅱ","Ⅰ","Ⅰ","Ⅰ","Ⅰ",0.3,0.4,0.44,0.16,0.16,8.98717034272917,6.076436202502,7.44208407535251,3.038218101251,3.038218101251,1
"241","Bunadaira","B2","コミネカエデ","bs",0,0.423076923076923,0.692307692307692,0.576923076923077,0.653846153846154,"-","Ⅲ","Ⅳ","Ⅲ","Ⅳ",0,1,0.548,0.3,0.644,0,17.4532342164822,20.0384246271622,14.4115338424578,20.4563324782704,0
"242","Bunadaira","B2","サワフタギ","bs",0.461538461538462,0.615384615384615,0.576923076923077,0.538461538461538,0.538461538461538,"Ⅲ","Ⅳ","Ⅲ","Ⅲ","Ⅲ",0.98,2.44,2.42,2.34,2.16,21.267526708757,27.1746488194703,28.6222076232909,28.0384351587931,27.0611842369785,1
"243","Bunadaira","B2","スギ","cl",0.153846153846154,0.269230769230769,0.384615384615385,0.538461538461538,0.615384615384615,"Ⅰ","Ⅱ","Ⅱ","Ⅲ","Ⅳ",0.24,0.32,0.62,1.188,1.024,6.076436202502,8.68243142124459,13.8675049056307,23.4356730057144,23.0050161754077,1
"244","Bunadaira","B2","タムシバ","bs",0.576923076923077,0.538461538461538,0.769230769230769,0.884615384615385,0.884615384615385,"Ⅲ","Ⅲ","Ⅳ","Ⅴ","Ⅴ",0.94,1.02,1.064,2.244,1.912,23.2875007741855,22.0139815711603,28.2842712474619,39.0069027421873,37.3857233137505,1
"245","Bunadaira","B2","タラノキ","bs",0,0.0769230769230769,0.0769230769230769,0.115384615384615,0.153846153846154,"-","Ⅰ","Ⅰ","Ⅰ","Ⅰ",0,0.02,0.04,0.38,0.144,0,1.24034734589208,1.75411603861406,5.68398560058805,4.96138938356834,0
"246","Bunadaira","B2","トチノキ","bl",0,0.0769230769230769,0.153846153846154,0.192307692307692,0.153846153846154,"-","Ⅰ","Ⅰ","Ⅰ","Ⅰ",0,0.02,0.016,0.02,0.052,0,1.24034734589208,3.038218101251,3.92232270276368,3.50823207722812,0
"247","Bunadaira","B2","ナナカマド","bs",0.423076923076923,0.461538461538462,0.384615384615385,0.692307692307692,0.692307692307692,"Ⅲ","Ⅲ","Ⅱ","Ⅳ","Ⅳ",0.32,0.38,0.22,0.292,0.404,11.6354894776548,13.2432856717891,10.3774904332554,16.2196462068975,18.229308607506,1
"248","Bunadaira","B2","ノリウツギ","bs",1,0.923076923076923,0.961538461538462,1,1,"Ⅴ","Ⅴ","Ⅴ","Ⅴ","Ⅴ",3.42,4.46,4.008,3.932,3.804,58.4807660688538,53.8373619195958,50.1919392854148,47.7493455452533,50.3984126734166,1
"249","Bunadaira","B2","ハウチワカエデ","bl",0,0.307692307692308,0.346153846153846,0.423076923076923,0.423076923076923,"-","Ⅱ","Ⅱ","Ⅲ","Ⅲ",0,1.86,0.972,1.24,0.808,0,12.8900677327098,15.7870443475265,17.4532342164822,16.4550670241488,0
"250","Bunadaira","B2","ハナヒリノキ","bs",0.153846153846154,0.230769230769231,0.230769230769231,0.230769230769231,0.269230769230769,"Ⅰ","Ⅱ","Ⅱ","Ⅱ","Ⅱ",0.08,0.12,0.2,0.228,0.272,3.50823207722812,5.26234811584217,6.79366220486757,7.44208407535251,8.68243142124459,1
"251","Bunadaira","B2","ハリギリ","bl",0,0.0769230769230769,0,0.115384615384615,0.0769230769230769,"-","Ⅰ","-","Ⅰ","Ⅰ",0,0.02,0,0.024,0.02,0,1.24034734589208,0,2.1483446221183,1.24034734589208,0
"252","Bunadaira","B2","ヒメアオキ","bs",0,0,0.0769230769230769,0.0769230769230769,0,"-","-","Ⅰ","Ⅰ","-",0,0,0.004,0.02,0,0,0,1.24034734589208,1.24034734589208,0,0
"253","Bunadaira","B2","ヒメウスノキ","bs",0.461538461538462,0.269230769230769,0.230769230769231,0.115384615384615,0.115384615384615,"Ⅲ","Ⅱ","Ⅱ","Ⅰ","Ⅰ",0.38,0.3,0.12,0.044,0.06,13.2432856717891,8.98717034272917,5.26234811584217,2.63117405792109,2.63117405792109,1
"254","Bunadaira","B2","ブナ","bl",0.653846153846154,0.730769230769231,0.884615384615385,0.923076923076923,0.884615384615385,"Ⅳ","Ⅳ","Ⅴ","Ⅴ","Ⅴ",1.26,2.22,3.58,2.92,2.492,28.702720321359,34.4070654640316,43.3057111174105,40.0768492543244,39.6814236717306,1
"255","Bunadaira","B2","ホオノキ","bl",0.192307692307692,0.192307692307692,0.346153846153846,0.346153846153846,0.461538461538462,"Ⅰ","Ⅰ","Ⅱ","Ⅱ","Ⅲ",0.18,0.22,0.432,0.888,0.44,5.88348405414552,6.50443635587991,12.0575542870275,13.1558702896054,15.191090506255,1
"256","Bunadaira","B2","ホツツジ","bs",0,0.0769230769230769,0.0769230769230769,0.0769230769230769,0,"-","Ⅰ","Ⅰ","Ⅰ","-",0,0.02,0.008,0.02,0,0,1.24034734589208,1.24034734589208,1.24034734589208,0,0
"257","Bunadaira","B2","ミズキ","bl",0,0.115384615384615,0.115384615384615,0,0,"-","Ⅰ","Ⅰ","-","-",0,0.04,0.012,0,0,0,2.1483446221183,2.1483446221183,0,0,0
"258","Bunadaira","B2","ミズナラ","bl",0.0769230769230769,0,0,0,0,"Ⅰ","-","-","-","-",0.02,0,0,0,0,1.24034734589208,0,0,0,0,0
"259","Bunadaira","B2","ミネカエデ","bs",0.730769230769231,0,0,0.115384615384615,0,"Ⅳ","-","-","Ⅰ","-",1.54,0,0,0.052,0,33.5467526801718,0,0,2.1483446221183,0,0
"260","Bunadaira","B2","ムラサキヤシオツツジ","bs",0,0.0769230769230769,0,0.0769230769230769,0,"-","Ⅰ","-","Ⅰ","-",0,0.02,0,0.008,0,0,1.24034734589208,0,1.24034734589208,0,0
"261","Bunadaira","B2","ヤマウルシ","bs",0.923076923076923,0.884615384615385,0.923076923076923,0.961538461538462,0.961538461538462,"Ⅴ","Ⅴ","Ⅴ","Ⅴ","Ⅴ",2.32,1.66,1.172,0.988,1.328,46.2767594105125,37.3857233137505,33.2820117735138,30.38218101251,35.3553390593274,1
"262","Bunadaira","B2","ヤマモミジ","bl",0,0.0769230769230769,0.269230769230769,0.576923076923077,0.615384615384615,"-","Ⅰ","Ⅱ","Ⅲ","Ⅳ",0,0.04,0.724,2.564,2.508,0,1.75411603861406,12.4961532542557,30.38218101251,32.15347809874,0
"263","Bunadaira","B2","リョウブ","bl",0.884615384615385,1,1,1,1,"Ⅴ","Ⅴ","Ⅴ","Ⅴ","Ⅴ",3.72,6.96,5.36,6.48,6.74,57.365226668856,60,60,60.1664358259653,60.8276253029822,1
"264","Bunadaira","C","イチヤクソウ","h",0,0.115384615384615,0,0.0769230769230769,0,"-","Ⅰ","-","Ⅰ","-",0,0.04,0,0.024,0,0,2.1483446221183,0,1.24034734589208,0,0
"265","Bunadaira","C","イボタノキ","ds",0.0769230769230769,0,0,0,0,"Ⅰ","-","-","-","-",0.04,0,0,0,0,1.75411603861406,0,0,0,0,0
"266","Bunadaira","C","イワハリガネワラビ","f",0,0.0769230769230769,0.153846153846154,0.192307692307692,0.230769230769231,"-","Ⅰ","Ⅰ","Ⅰ","Ⅱ",0,0.02,0.44,0.86,0.376,0,1.24034734589208,7.44208407535251,8.5485041426511,8.8578517972214,0
"267","Bunadaira","C","ウメガサソウ","h",0,0.0769230769230769,0,0,0,"-","Ⅰ","-","-","-",0,0.02,0,0,0,0,1.24034734589208,0,0,0,0
"268","Bunadaira","C","オオバショリマ","f",0,0.153846153846154,0.153846153846154,0.115384615384615,0,"-","Ⅰ","Ⅰ","Ⅰ","-",0,0.7,0.62,0.6,0,0,7.64601454756257,7.64601454756257,6.076436202502,0,0
"269","Bunadaira","C","オシダ","f",0,0.0769230769230769,0.0769230769230769,0,0,"-","Ⅰ","Ⅰ","-","-",0,0.02,0.04,0,0,0,1.24034734589208,1.75411603861406,0,0,0
"270","Bunadaira","C","カメバヒキオコシ","h",0.115384615384615,0.115384615384615,0.115384615384615,0.115384615384615,0.115384615384615,"Ⅰ","Ⅰ","Ⅰ","Ⅰ","Ⅰ",0.24,0.56,0.28,0.22,0.24,5.26234811584217,6.076436202502,5.26234811584217,4.2966892442366,4.80384461415261,1
"271","Bunadaira","C","シシガシラ","f",0.115384615384615,0.153846153846154,0.307692307692308,0.192307692307692,0.192307692307692,"Ⅰ","Ⅰ","Ⅱ","Ⅰ","Ⅰ",0.1,0.06,0.1,0.084,0.048,3.39683110243379,3.038218101251,7.01646415445623,4.38529009653515,3.92232270276368,1
"272","Bunadaira","C","シノブカグマ","f",0.923076923076923,0.961538461538462,1,1,1,"Ⅴ","Ⅴ","Ⅴ","Ⅴ","Ⅴ",2.62,4.36,4.48,5.164,4.772,49.1778561800079,56.1591146105969,58.309518948453,57.2712842531054,57.4456264653803,1
"273","Bunadaira","C","シラネワラビ","f",0,0.0769230769230769,0.115384615384615,0.115384615384615,0.115384615384615,"-","Ⅰ","Ⅰ","Ⅰ","Ⅰ",0,0.16,0.2,0.088,0.128,0,3.038218101251,4.2966892442366,3.39683110243379,4.0191847623425,0
"274","Bunadaira","C","タケシマラン","h",0,0.0769230769230769,0,0.115384615384615,0.115384615384615,"-","Ⅰ","-","Ⅰ","Ⅰ",0,0.02,0,0.008,0.012,0,1.24034734589208,0,2.1483446221183,2.1483446221183,0
"275","Bunadaira","C","タチシオデ","h",0,0.0769230769230769,0.0769230769230769,0.0769230769230769,0.153846153846154,"-","Ⅰ","Ⅰ","Ⅰ","Ⅰ",0,0.02,0.02,0.004,0.012,0,1.24034734589208,1.24034734589208,1.24034734589208,3.038218101251,0
"276","Bunadaira","C","タニギキョウ","h",0,0,0.0769230769230769,0,0.0769230769230769,"-","-","Ⅰ","-","Ⅰ",0,0,0.04,0,0.008,0,0,1.75411603861406,0,1.24034734589208,0
"277","Bunadaira","C","チゴユリ","h",0.115384615384615,0,0,0.192307692307692,0.230769230769231,"Ⅰ","-","-","Ⅰ","Ⅱ",0.12,0,0,0.016,0.036,3.72104203767625,0,0,3.92232270276368,4.80384461415261,0
"278","Bunadaira","C","ツクバネソウ","h",0.153846153846154,0.269230769230769,0.192307692307692,0.153846153846154,0.346153846153846,"Ⅰ","Ⅱ","Ⅰ","Ⅰ","Ⅱ",0.06,0.12,0.068,0.012,0.04,3.038218101251,5.68398560058805,4.38529009653515,3.038218101251,7.44208407535251,1
"279","Bunadaira","C","ツルアリドオシ","h",0.692307692307692,0.807692307692308,0.846153846153846,0.846153846153846,0.846153846153846,"Ⅳ","Ⅴ","Ⅴ","Ⅴ","Ⅴ",0.94,1.9,0.736,0.8416,0.916,25.5101789638809,36.6165158196302,26.6602556396076,26.9757726060313,28.501012127777,1
"280","Bunadaira","C","ツルリンドウ","h",0,0.0769230769230769,0,0.192307692307692,0.461538461538462,"-","Ⅰ","-","Ⅰ","Ⅲ",0,0.02,0,0.016,0.072,0,1.24034734589208,0,3.92232270276368,10.0766294731156,0
"281","Bunadaira","C","ノキシノブ","f",0,0,0.115384615384615,0,0,"-","-","Ⅰ","-","-",0,0,0.04,0,0,0,0,2.1483446221183,0,0,0
"282","Bunadaira","C","ハイイヌツゲ","ds",0.961538461538462,0.884615384615385,0.846153846153846,0.923076923076923,0.923076923076923,"Ⅴ","Ⅴ","Ⅴ","Ⅴ","Ⅴ",1.68,1.72,0.68,0.588,0.708,40.191847623425,38.0889646849219,24.6826005362233,22.3262522260575,24.305744810008,1
"283","Bunadaira","C","ハクモウイノデ","f",0.346153846153846,0,0,0,0.0769230769230769,"Ⅱ","-","-","-","Ⅰ",1.28,0,0,0,0.004,21.0493924633687,0,0,0,1.24034734589208,0
"284","Bunadaira","C","ハリガネワラビ","f",0,0.192307692307692,0.346153846153846,0.384615384615385,0.346153846153846,"-","Ⅰ","Ⅱ","Ⅱ","Ⅱ",0,1.4,1.924,2.044,1.48,0,11.4354374979373,17.6504521624366,20.7549808665108,17.8454907038596,0
"285","Bunadaira","C","ヒメカンアオイ","h",0,0.115384615384615,0.0769230769230769,0.0769230769230769,0.115384615384615,"-","Ⅰ","Ⅰ","Ⅰ","Ⅰ",0,0.04,0.02,0.04,0.048,0,2.1483446221183,1.24034734589208,1.75411603861406,2.63117405792109,0
"286","Bunadaira","C","ヒメモチ","ds",0.384615384615385,0.192307692307692,0.576923076923077,0.615384615384615,0.653846153846154,"Ⅱ","Ⅰ","Ⅲ","Ⅳ","Ⅳ",0.2,0.08,0.14,0.18,0.168,8.77058019307029,3.92232270276368,12.7097781860449,13.5873244097351,14.4648114135916,1
"287","Bunadaira","C","ホウチャクソウ","h",0,0.115384615384615,0,0,0,"-","Ⅰ","-","-","-",0,0.06,0,0,0,0,2.63117405792109,0,0,0,0
"288","Bunadaira","C","ホソバトウゲシバ","f",0.269230769230769,0.423076923076923,0.538461538461538,0.538461538461538,0.538461538461538,"Ⅱ","Ⅲ","Ⅲ","Ⅲ","Ⅲ",0.64,1.22,1.244,1.452,1.308,13.1266024662779,19.5133090676397,23.6643191323985,24.115108574055,23.8907771068509,1
"289","Bunadaira","C","ホソバナライシダ","f",0,0,0.0769230769230769,0.0769230769230769,0.0769230769230769,"-","-","Ⅰ","Ⅰ","Ⅰ",0,0,0.02,0.004,0.04,0,0,1.24034734589208,1.24034734589208,1.75411603861406,0
"290","Bunadaira","C","ミサキカグマ","f",0,0,0.0769230769230769,0.0769230769230769,0,"-","-","Ⅰ","Ⅰ","-",0,0,0.04,0.04,0,0,0,1.75411603861406,1.75411603861406,0,0
"291","Bunadaira","C","ミヤマイタチシダ","f",0,0,0.115384615384615,0.115384615384615,0.0769230769230769,"-","-","Ⅰ","Ⅰ","Ⅰ",0,0,0.008,0.008,0.004,0,0,2.1483446221183,2.1483446221183,1.24034734589208,0
"292","Bunadaira","C","ミヤマイボタ","ds",0,0.115384615384615,0,0.0769230769230769,0.0769230769230769,"-","Ⅰ","-","Ⅰ","Ⅰ",0,0.06,0,0.044,0.06,0,2.63117405792109,0,1.75411603861406,1.75411603861406,0
"293","Bunadaira","C","ミヤマカンスゲ","h",0.153846153846154,0.192307692307692,0.153846153846154,0.153846153846154,0.192307692307692,"Ⅰ","Ⅰ","Ⅰ","Ⅰ","Ⅰ",0.2,0.38,0.144,0.064,0.096,5.54700196225229,6.50443635587991,4.96138938356834,3.50823207722812,5.18874521662771,1
"294","Bunadaira","C","ミヤマシシガシラ","f",0,0,0.192307692307692,0.230769230769231,0.192307692307692,"-","-","Ⅰ","Ⅱ","Ⅰ",0,0,0.16,0.196,0.212,0,0,5.54700196225229,7.12525303194425,6.20173672946042,0
"295","Bunadaira","C","ミヤマノキシノブ","f",0,0.0769230769230769,0,0,0,"-","Ⅰ","-","-","-",0,0.02,0,0,0,0,1.24034734589208,0,0,0,0
"296","Bunadaira","C","ミヤマベニシダ","f",0.153846153846154,0.153846153846154,0.153846153846154,0.153846153846154,0.153846153846154,"Ⅰ","Ⅰ","Ⅰ","Ⅰ","Ⅰ",0.6,0.64,0.76,0.66,0.66,9.60768922830523,7.84464540552736,8.22753351207442,7.84464540552736,7.84464540552736,1
"297","Bunadaira","C","ヤグルマソウ","h",0,0,0,0.0769230769230769,0,"-","-","-","Ⅰ","-",0,0,0,0.004,0,0,0,0,1.24034734589208,0,0
"298","Bunadaira","C","ヤマソテツ","f",1,1,1,1,1,"Ⅴ","Ⅴ","Ⅴ","Ⅴ","Ⅴ",4.16,10.12,8.52,8.2,6.26,64.4980619863884,66.6333249958307,65.4217089351845,63.5609943282828,59.8331012066064,1
"299","Bunadaira","C","ヤマトユキザサ","h",0,0.615384615384615,0.538461538461538,0.461538461538462,0.576923076923077,"-","Ⅳ","Ⅲ","Ⅲ","Ⅲ",0,0.4,0.2044,0.2,0.268,0,15.6892908110547,11.8321595661992,10.5246962316843,14.0054934277178,0
"300","Bunadaira","C","ヤマドリゼンマイ","f",0.115384615384615,0.115384615384615,0.115384615384615,0.153846153846154,0.269230769230769,"Ⅰ","Ⅰ","Ⅰ","Ⅰ","Ⅱ",0.04,0.1,0.14,0.4,0.628,2.1483446221183,3.39683110243379,4.0191847623425,6.79366220486757,12.0575542870275,1
"301","Bunadaira","C","ユキザサ","h",0.346153846153846,0,0,0.192307692307692,0.5,"Ⅱ","-","-","Ⅰ","Ⅲ",0.26,0,0,0.016,0.112,9.48683298050514,0,0,3.92232270276368,10.9544511501033,0
"302","Bunadaira","C","リョウメンシダ","f",0,0,0.0769230769230769,0.0769230769230769,0,"-","-","Ⅰ","Ⅰ","-",0,0,0.02,0.02,0,0,0,1.24034734589208,1.24034734589208,0,0
"303","Bunadaira","S","チシマザサ","sasa",1,0.961538461538462,0.961538461538462,1,1,"Ⅴ","Ⅴ","Ⅴ","Ⅴ","Ⅴ",6.96,39.52,24.04,17.88,15.44,83.4266144584568,79.9037882995255,72.3240570679579,71.8331399842719,68.4105255059483,1
"304","Kaminokodaira","B2","アオダモ","bl",0.0769230769230769,0.0769230769230769,0.230769230769231,0.230769230769231,0.230769230769231,"Ⅰ","Ⅰ","Ⅱ","Ⅱ","Ⅱ",0.04,0.08,0.068,0.044,0.132,1.75411603861406,2.48069469178417,4.80384461415261,4.80384461415261,5.68398560058805,1
"305","Kaminokodaira","B2","アカミノイヌツゲ","bs",0.730769230769231,0.423076923076923,0.769230769230769,0.846153846153846,0.769230769230769,"Ⅳ","Ⅲ","Ⅳ","Ⅴ","Ⅳ",0.86,0.58,0.496,0.722,0.488,25.0691351757802,15.1149442096734,21.8385685639668,25.0230662820096,21.1223541811477,1
"306","Kaminokodaira","B2","アクシバ","bs",0.346153846153846,0.384615384615385,0.807692307692308,0.884615384615385,0.923076923076923,"Ⅱ","Ⅱ","Ⅴ","Ⅴ","Ⅴ",0.22,0.26,0.356,0.308,0.372,8.72661710824109,10,20.0959238117125,20.1723344440617,21.9089023002066,1
"307","Kaminokodaira","B2","ウスノキ","bs",0,0.115384615384615,0,0,0,"-","Ⅰ","-","-","-",0,0.04,0,0,0,0,2.1483446221183,0,0,0,0
"308","Kaminokodaira","B2","ウラジロヨウラク","bs",0,0.115384615384615,0.192307692307692,0.192307692307692,0.115384615384615,"-","Ⅰ","Ⅰ","Ⅰ","Ⅰ",0,0.14,0.148,0.12,0.044,0,4.0191847623425,5.88348405414552,4.80384461415261,2.63117405792109,0
"309","Kaminokodaira","B2","ウリハダカエデ","bl",0,0,0.115384615384615,0,0.0769230769230769,"-","-","Ⅰ","-","Ⅰ",0,0,0.008,0,0.004,0,0,2.1483446221183,0,1.24034734589208,0
"310","Kaminokodaira","B2","ウワミズザクラ","bl",0.0769230769230769,0.115384615384615,0.0769230769230769,0.115384615384615,0.115384615384615,"Ⅰ","Ⅰ","Ⅰ","Ⅰ","Ⅰ",0.02,0.22,0.04,0.22,0.016,1.24034734589208,4.5573271518765,1.75411603861406,4.80384461415261,2.1483446221183,1
"311","Kaminokodaira","B2","エゾユズリハ","bs",0,0,0.0769230769230769,0,0,"-","-","Ⅰ","-","-",0,0,0.02,0,0,0,0,1.24034734589208,0,0,0
"312","Kaminokodaira","B2","オオカメノキ","bs",0.846153846153846,0.807692307692308,0.884615384615385,1,1,"Ⅴ","Ⅴ","Ⅴ","Ⅴ","Ⅴ",3.88,8.56,4.164,5.232,4.96,57.2981406598584,54.5188746427115,48.6905455994203,58.309518948453,59.6657355607052,1
"313","Kaminokodaira","B2","オオシラビソ","cl",0.846153846153846,0.730769230769231,0.923076923076923,0.923076923076923,0.884615384615385,"Ⅴ","Ⅳ","Ⅴ","Ⅴ","Ⅴ",2.38,2.32,1.028,0.9,0.84,44.8758972483688,37.0654307117313,31.2803698581321,27.8457288535354,26.9329652170832,1
"314","Kaminokodaira","B2","オオバクロモジ","bs",0.115384615384615,0.115384615384615,0.115384615384615,0.115384615384615,0.115384615384615,"Ⅰ","Ⅰ","Ⅰ","Ⅰ","Ⅰ",0.04,0.04,0.024,0.088,0.036,2.1483446221183,2.1483446221183,2.1483446221183,3.39683110243379,2.1483446221183,1
"315","Kaminokodaira","B2","オオバスノキ","bs",0.153846153846154,0.346153846153846,0.346153846153846,0.384615384615385,0.538461538461538,"Ⅰ","Ⅱ","Ⅱ","Ⅱ","Ⅲ",0.12,0.22,0.296,0.316,0.344,4.2966892442366,8.72661710824109,10.8486085601937,11.766968108291,14.6759877141069,1
"316","Kaminokodaira","B2","キタゴヨウ","cl",0.153846153846154,0.423076923076923,0.653846153846154,0.615384615384615,0.730769230769231,"Ⅰ","Ⅲ","Ⅳ","Ⅳ","Ⅳ",0.06,0.2,0.112,0.148,0.128,3.038218101251,9.198662110078,14.4648114135916,14.0329283089125,16.2196462068975,1
"317","Kaminokodaira","B2","クロウスゴ","bs",0.115384615384615,0.0769230769230769,0,0.0769230769230769,0.115384615384615,"Ⅰ","Ⅰ","-","Ⅰ","Ⅰ",0.12,0.04,0,0.008,0.012,3.72104203767625,1.75411603861406,0,1.24034734589208,2.1483446221183,0
"318","Kaminokodaira","B2","クロマメノキ","bs",0,0,0.0769230769230769,0.115384615384615,0.115384615384615,"-","-","Ⅰ","Ⅰ","Ⅰ",0,0,0.004,0.024,0.024,0,0,1.24034734589208,2.1483446221183,2.1483446221183,0
"319","Kaminokodaira","B2","ケヤマハンノキ","bl",0,0,0,0,0.115384615384615,"-","-","-","-","Ⅰ",0,0,0,0,0.124,0,0,0,0,4.0191847623425,0
"320","Kaminokodaira","B2","コシアブラ","bl",0.576923076923077,0.653846153846154,0.923076923076923,1,1,"Ⅲ","Ⅳ","Ⅴ","Ⅴ","Ⅴ",1,1.24,0.854,1.1764,0.892,24.0192230707631,27.0611842369785,30.0768247096562,34.6410161513775,30.6594194335118,1
"321","Kaminokodaira","B2","コミネカエデ","bs",0,0.461538461538462,0.461538461538462,0,0.0769230769230769,"-","Ⅲ","Ⅲ","-","Ⅰ",0,3.76,1.132,0,0.084,0,29.4566173837443,21.483446221183,0,2.48069469178417,0
"322","Kaminokodaira","B2","コメツガ","cl",0.0769230769230769,0.0769230769230769,0,0,0,"Ⅰ","Ⅰ","-","-","-",0.02,0.02,0,0,0,1.24034734589208,1.24034734589208,0,0,0,0
"323","Kaminokodaira","B2","コヨウラクツツジ","bs",0.807692307692308,0.615384615384615,0.615384615384615,0.807692307692308,0.846153846153846,"Ⅴ","Ⅳ","Ⅳ","Ⅴ","Ⅴ",2.76,2.86,0.58,0.764,0.808,47.2147304263274,34.7297256849784,19.2153784566105,25.4195563720897,26.3409596227274,1
"324","Kaminokodaira","B2","スギ","cl",0.730769230769231,0.769230769230769,0.769230769230769,0.961538461538462,0.961538461538462,"Ⅳ","Ⅳ","Ⅳ","Ⅴ","Ⅴ",2.06,3.4,1.544,3.92,3.048,38.7992862741651,40.3827838412513,31.8651002726277,50,47.2310197938731,1
"325","Kaminokodaira","B2","タムシバ","bs",0.653846153846154,0.730769230769231,0.769230769230769,0.961538461538462,1,"Ⅳ","Ⅳ","Ⅳ","Ⅴ","Ⅴ",2.36,4.46,2.56,1.8448,1.836,39.2820178081132,43.7563182250905,38.829013735766,39.7104907665856,41.9523539268061,1
"326","Kaminokodaira","B2","ダケカンバ","bl",0,0,0.0769230769230769,0.0769230769230769,0,"-","-","Ⅰ","Ⅰ","-",0,0,0.012,0.2,0,0,0,1.24034734589208,3.50823207722812,0,0
"327","Kaminokodaira","B2","ツノハシバミ","bs",0,0.0769230769230769,0.115384615384615,0.115384615384615,0.0769230769230769,"-","Ⅰ","Ⅰ","Ⅰ","Ⅰ",0,0.2,0.06,0.16,0.16,0,3.50823207722812,2.63117405792109,3.72104203767625,3.038218101251,0
"328","Kaminokodaira","B2","ナナカマド","bs",0.384615384615385,0.346153846153846,0.423076923076923,0.769230769230769,0.653846153846154,"Ⅱ","Ⅱ","Ⅲ","Ⅳ","Ⅳ",0.88,1.22,0.276,0.5776,0.404,18.397324220156,14.6497571520959,12.3413002681116,22.8708749958746,18.7903412176821,1
"329","Kaminokodaira","B2","ネコシデ","bl",0,0.0769230769230769,0.153846153846154,0.192307692307692,0.192307692307692,"-","Ⅰ","Ⅰ","Ⅰ","Ⅰ",0,0.02,0.26,0.3,0.136,0,1.24034734589208,5.8177447388274,7.07106781186548,5.54700196225229,0
"330","Kaminokodaira","B2","ネズコ","cl",0.115384615384615,0.269230769230769,0.307692307692308,0.461538461538462,0.307692307692308,"Ⅰ","Ⅱ","Ⅱ","Ⅲ","Ⅱ",0.14,0.5,0.148,0.336,0.236,4.0191847623425,10.6337633543785,8.22753351207442,13.9228644267677,9.28190961784514,1
"331","Kaminokodaira","B2","ノリウツギ","bs",0.769230769230769,0.807692307692308,1,1,1,"Ⅳ","Ⅴ","Ⅴ","Ⅴ","Ⅴ",2.08,2.92,2.152,2.536,1.24,40,43.2879446710762,43.5889894354067,46.9041575982343,34.3511280746353,1
"332","Kaminokodaira","B2","ハウチワカエデ","bl",0.115384615384615,0.153846153846154,0.346153846153846,0.461538461538462,0.576923076923077,"Ⅰ","Ⅰ","Ⅱ","Ⅲ","Ⅲ",0.32,0.88,0.208,0.84,0.66,6.076436202502,8.22753351207442,9.114654303753,17.9743406854583,20.0959238117125,1
"333","Kaminokodaira","B2","ハクサンシャクナゲ","bs",0.346153846153846,0.346153846153846,0.423076923076923,0.538461538461538,0.5,"Ⅱ","Ⅱ","Ⅲ","Ⅲ","Ⅲ",0.32,0.28,0.264,0.508,0.516,10.5246962316843,9.8449518497084,11.6354894776548,16.4082530828473,16.431676725155,1
"334","Kaminokodaira","B2","ハナヒリノキ","bs",0.461538461538462,0.5,0.615384615384615,0.730769230769231,0.730769230769231,"Ⅲ","Ⅲ","Ⅳ","Ⅳ","Ⅳ",1.24,1.14,0.728,0.696,0.648,23.9229532522156,22.1359436211787,20.4563324782704,22.9380436426877,21.6261949425299,1
"335","Kaminokodaira","B2","ヒメウスノキ","bs",0.0769230769230769,0,0,0,0,"Ⅰ","-","-","-","-",0.04,0,0,0,0,1.75411603861406,0,0,0,0,0
"336","Kaminokodaira","B2","ブナ","bl",0.192307692307692,0.230769230769231,0.384615384615385,0.538461538461538,0.615384615384615,"Ⅰ","Ⅱ","Ⅱ","Ⅲ","Ⅳ",0.42,0.5,0.58,1.176,0.964,8.98717034272917,8.8578517972214,13.8675049056307,23.2047740446129,23.7939876051461,1
"337","Kaminokodaira","B2","ホツツジ","bs",0.269230769230769,0.461538461538462,0.576923076923077,0.615384615384615,0.576923076923077,"Ⅱ","Ⅲ","Ⅲ","Ⅳ","Ⅲ",0.54,0.76,0.624,0.5,0.256,12.0575542870275,17.7157035944428,19.5133090676397,17.8885438199983,13.5873244097351,1
"338","Kaminokodaira","B2","ホンミツバツツジ","bs",0.0769230769230769,0,0.0769230769230769,0,0.0769230769230769,"Ⅰ","-","Ⅰ","-","Ⅰ",0.02,0,0.004,0,0.004,1.24034734589208,0,1.24034734589208,0,1.24034734589208,0
"339","Kaminokodaira","B2","マルバマンサク","bs",0.346153846153846,0.346153846153846,0.538461538461538,0.576923076923077,0.5,"Ⅱ","Ⅱ","Ⅲ","Ⅲ","Ⅲ",1.4,3,0.864,1.252,0.972,22.0139815711603,21.0493924633687,21.7680075763988,24.0192230707631,20.4939015319192,1
"340","Kaminokodaira","B2","ミズナラ","bl",0.153846153846154,0.192307692307692,0.307692307692308,0.538461538461538,0.423076923076923,"Ⅰ","Ⅰ","Ⅱ","Ⅲ","Ⅲ",0.3,0.62,0.572,1.912,1.328,6.79366220486757,8.98717034272917,13.1266024662779,26.2532049325557,21.3757590958328,1
"341","Kaminokodaira","B2","ミズメ","bl",0,0,0,0.115384615384615,0,"-","-","-","Ⅰ","-",0,0,0,0.048,0,0,0,0,2.63117405792109,0,0
"342","Kaminokodaira","B2","ミネカエデ","bs",0.5,0.115384615384615,0.307692307692308,0.884615384615385,0.923076923076923,"Ⅲ","Ⅰ","Ⅱ","Ⅴ","Ⅴ",1.8,0.26,0.224,2.12,1.012,30,4.5573271518765,8.59337848847319,40.9971856444955,31.2803698581321,1
"343","Kaminokodaira","B2","ミヤマホツツジ","bs",0,0,0,0.115384615384615,0.0769230769230769,"-","-","-","Ⅰ","Ⅰ",0,0,0,0.124,0.04,0,0,0,4.0191847623425,1.75411603861406,0
"344","Kaminokodaira","B2","ムラサキヤシオツツジ","bs",0.423076923076923,0.653846153846154,0.807692307692308,0.923076923076923,1,"Ⅲ","Ⅳ","Ⅴ","Ⅴ","Ⅴ",0.3,0.56,1.812,1.9164,1.344,11.2660142429822,19.135146880906,35.038440428939,39.3798073988336,36.0555127546399,1
"345","Kaminokodaira","B2","ヤマウルシ","bs",0.730769230769231,0.730769230769231,0.961538461538462,0.961538461538462,0.961538461538462,"Ⅳ","Ⅳ","Ⅴ","Ⅴ","Ⅴ",1.26,1.4,1.136,1.36,0.884,30.3441795204489,31.0582579134018,33.3973743786037,34.8071610669193,28.7562702192596,1
"346","Kaminokodaira","B2","ヤマハンノキ","bl",0.0769230769230769,0.153846153846154,0.153846153846154,0.153846153846154,0.115384615384615,"Ⅰ","Ⅰ","Ⅰ","Ⅰ","Ⅰ",0.12,0.16,0.22,0.188,0.048,3.038218101251,4.96138938356834,5.8177447388274,5.26234811584217,2.63117405792109,1
"347","Kaminokodaira","B2","ヤマモミジ","bl",0,0,0,0.0769230769230769,0.0769230769230769,"-","-","-","Ⅰ","Ⅰ",0,0,0,0.08,0.08,0,0,0,2.48069469178417,2.48069469178417,0
"348","Kaminokodaira","B2","ヨウラクツツジ","bs",0,0,0.0769230769230769,0,0,"-","-","Ⅰ","-","-",0,0,0.08,0,0,0,0,2.48069469178417,0,0,0
"349","Kaminokodaira","B2","リョウブ","bl",0.5,0.538461538461538,0.730769230769231,0.807692307692308,0.730769230769231,"Ⅲ","Ⅲ","Ⅳ","Ⅴ","Ⅳ",1.3,2.24,1.696,2.1484,1.532,25.4950975679639,27.4562589193458,31.756283448501,36.1726628610825,30.5840581902503,1
"350","Kaminokodaira","C","アカモノ","ds",0,0.0769230769230769,0.269230769230769,0.230769230769231,0.269230769230769,"-","Ⅰ","Ⅱ","Ⅱ","Ⅱ",0,0.02,0.028,0.02,0.032,0,1.24034734589208,5.68398560058805,4.80384461415261,5.68398560058805,0
"351","Kaminokodaira","C","アキノキリンソウ","h",0,0.153846153846154,0.269230769230769,0.230769230769231,0.153846153846154,"-","Ⅰ","Ⅱ","Ⅱ","Ⅰ",0,0.06,0.048,0.036,0.176,0,3.038218101251,5.68398560058805,4.80384461415261,4.96138938356834,0
"352","Kaminokodaira","C","イチヨウラン","h",0,0,0.0769230769230769,0,0,"-","-","Ⅰ","-","-",0,0,0.004,0,0,0,0,1.24034734589208,0,0,0
"353","Kaminokodaira","C","イヌガンソク","f",0,0,0.576923076923077,0,0,"-","-","Ⅲ","-","-",0,0,1.068,0,0,0,0,24.2582262018792,0,0,0
"354","Kaminokodaira","C","イワウチワ","h",0,0.153846153846154,0.692307692307692,0.653846153846154,0.423076923076923,"-","Ⅰ","Ⅳ","Ⅳ","Ⅲ",0,1.12,1.416,0.884,0.68,0,8.94427190999916,27.343962911259,23.7130279025622,15.6647571122126,0
"355","Kaminokodaira","C","イワカガミ","h",0.807692307692308,0.807692307692308,0.153846153846154,0.423076923076923,0.730769230769231,"Ⅴ","Ⅴ","Ⅰ","Ⅲ","Ⅳ",3.52,7.26,0.048,0.8644,1.24,53.3205112792153,50.997737506376,3.50823207722812,15.6647571122126,26.761050916469,1
"356","Kaminokodaira","C","イワナシ","ds",0.461538461538462,0.576923076923077,0.730769230769231,0.807692307692308,0.807692307692308,"Ⅲ","Ⅲ","Ⅳ","Ⅴ","Ⅴ",0.28,0.34,0.288,0.2448,0.212,11.3679712011761,14.0054934277178,18.7288342074255,18.8516475509335,18.4182184054476,1
"357","Kaminokodaira","C","イワハリガネワラビ","f",0,0,0,0.0769230769230769,0.0769230769230769,"-","-","-","Ⅰ","Ⅰ",0,0,0,0.008,0.04,0,0,0,1.24034734589208,1.75411603861406,0
"358","Kaminokodaira","C","エンレイソウ","h",0,0,0,0.153846153846154,0,"-","-","-","Ⅰ","-",0,0,0,0.0064,0,0,0,0,3.038218101251,0,0
"359","Kaminokodaira","C","オオバギボウシ","h",0,0,0.0769230769230769,0,0.0769230769230769,"-","-","Ⅰ","-","Ⅰ",0,0,0.04,0,0.04,0,0,1.75411603861406,0,1.75411603861406,0
"360","Kaminokodaira","C","オシダ","f",0,0.0769230769230769,0.115384615384615,0,0.0769230769230769,"-","Ⅰ","Ⅰ","-","Ⅰ",0,0.02,0.04,0,0.008,0,1.24034734589208,2.1483446221183,0,1.24034734589208,0
"361","Kaminokodaira","C","キソチドリ","h",0,0,0.230769230769231,0.115384615384615,0,"-","-","Ⅱ","Ⅰ","-",0,0,0.02,0.0044,0,0,0,4.80384461415261,2.1483446221183,0,0
"362","Kaminokodaira","C","キリンソウ","h",0,0,0.115384615384615,0,0.0769230769230769,"-","-","Ⅰ","-","Ⅰ",0,0,0.008,0,0.004,0,0,2.1483446221183,0,1.24034734589208,0
"363","Kaminokodaira","C","コイチヨウラン","h",0,0,0.0769230769230769,0,0,"-","-","Ⅰ","-","-",0,0,0.004,0,0,0,0,1.24034734589208,0,0,0
"364","Kaminokodaira","C","コナスビ","h",0,0,0.0769230769230769,0.0769230769230769,0,"-","-","Ⅰ","Ⅰ","-",0,0,0.004,0.004,0,0,0,1.24034734589208,1.24034734589208,0,0
"365","Kaminokodaira","C","コバイケイソウ","h",0.115384615384615,0.423076923076923,0.269230769230769,0.115384615384615,0,"Ⅰ","Ⅲ","Ⅱ","Ⅰ","-",0.04,0.2,0.104,0.008,0,2.1483446221183,9.198662110078,6.96143221338386,2.1483446221183,0,0
"366","Kaminokodaira","C","コバノトンボソウ","h",0,0,0,0,0.115384615384615,"-","-","-","-","Ⅰ",0,0,0,0,0.008,0,0,0,0,2.1483446221183,0
"367","Kaminokodaira","C","ゴゼンタチバナ","h",0.807692307692308,0.769230769230769,0.961538461538462,0.961538461538462,0.961538461538462,"Ⅴ","Ⅳ","Ⅴ","Ⅴ","Ⅴ",2.44,2.74,1.428,0.7852,0.66,44.3933466948509,41.6948622549774,35.8951464471388,28.4199280029403,24.8069469178417,1
"368","Kaminokodaira","C","サワダツ","ds",0,0,0,0.0769230769230769,0,"-","-","-","Ⅰ","-",0,0,0,0.004,0,0,0,0,1.24034734589208,0,0
"369","Kaminokodaira","C","シシガシラ","f",0.0769230769230769,0.192307692307692,0.153846153846154,0.153846153846154,0.115384615384615,"Ⅰ","Ⅰ","Ⅰ","Ⅰ","Ⅰ",0.04,0.16,0.024,0.0444,0.016,1.75411603861406,5.54700196225229,3.038218101251,3.50823207722812,2.1483446221183,1
"370","Kaminokodaira","C","シノブカグマ","f",0.346153846153846,0.615384615384615,0.807692307692308,0.923076923076923,0.923076923076923,"Ⅱ","Ⅳ","Ⅴ","Ⅴ","Ⅴ",0.56,0.92,0.884,1.176,0.872,13.9228644267677,22.7359424023522,27.5541425058151,32.4392924137949,27.1746488194703,1
"371","Kaminokodaira","C","シュロソウ","h",0,0,0,0.115384615384615,0,"-","-","-","Ⅰ","-",0,0,0,0.008,0,0,0,0,2.1483446221183,0,0
"372","Kaminokodaira","C","ショウジョウバカマ","h",0.5,0.538461538461538,0.846153846153846,0.807692307692308,1,"Ⅲ","Ⅲ","Ⅴ","Ⅴ","Ⅴ",0.78,0.64,0.5,0.408,0.316,19.7484176581315,18.5638192356903,22.9044839412588,20.0959238117125,23.2379000772445,1
"373","Kaminokodaira","C","シラネワラビ","f",0,0,0,0.0769230769230769,0,"-","-","-","Ⅰ","-",0,0,0,0.004,0,0,0,0,1.24034734589208,0,0
"374","Kaminokodaira","C","ジュウモンジシダ","f",0,0,0,0,0.0769230769230769,"-","-","-","-","Ⅰ",0,0,0,0,0.004,0,0,0,0,1.24034734589208,0
"375","Kaminokodaira","C","ゼンテイカ","h",0.0769230769230769,0.0769230769230769,0,0,0,"Ⅰ","Ⅰ","-","-","-",0.02,0.02,0,0,0,1.24034734589208,1.24034734589208,0,0,0,0
"376","Kaminokodaira","C","ゼンマイ","f",0,0.115384615384615,0.153846153846154,0.153846153846154,0.153846153846154,"-","Ⅰ","Ⅰ","Ⅰ","Ⅰ",0,0.04,0.096,0.044,0.036,0,2.1483446221183,4.2966892442366,3.038218101251,3.038218101251,0
"377","Kaminokodaira","C","タケシマラン","h",0.730769230769231,0.730769230769231,0.961538461538462,0.884615384615385,1,"Ⅳ","Ⅳ","Ⅴ","Ⅴ","Ⅴ",1.14,1.32,0.228,0.156,0.176,28.8630719618845,29.6128870075695,21.9264504826757,19.7289322881592,22.8035085019828,1
"378","Kaminokodaira","C","タニギキョウ","h",0,0,0,0.0769230769230769,0,"-","-","-","Ⅰ","-",0,0,0,0.02,0,0,0,0,1.24034734589208,0,0
"379","Kaminokodaira","C","チゴユリ","h",0,0,0.384615384615385,0.153846153846154,0.346153846153846,"-","-","Ⅱ","Ⅰ","Ⅱ",0,0,0.036,0.012,0.032,0,0,8.32050294337844,3.038218101251,7.44208407535251,0
"380","Kaminokodaira","C","ツクバネソウ","h",0.653846153846154,0.615384615384615,0.807692307692308,0.692307692307692,0.615384615384615,"Ⅳ","Ⅳ","Ⅴ","Ⅳ","Ⅳ",0.66,0.66,0.18,0.236,0.108,20.7735038339338,20.1532589462312,18.8516475509335,17.4532342164822,14.0329283089125,1
"381","Kaminokodaira","C","ツバメオモト","h",0.423076923076923,0.807692307692308,0.846153846153846,0.846153846153846,0.846153846153846,"Ⅲ","Ⅴ","Ⅴ","Ⅴ","Ⅴ",0.44,0.86,0.684,0.6764,0.604,13.6438208048129,25.0998007960223,25.6904651573303,25.358961395864,24.6826005362233,1
"382","Kaminokodaira","C","ツマトリソウ","h",0.384615384615385,0.230769230769231,0.192307692307692,0.576923076923077,0.615384615384615,"Ⅱ","Ⅱ","Ⅰ","Ⅲ","Ⅳ",0.2,0.1,0.036,0.0848,0.068,8.77058019307029,4.80384461415261,3.92232270276368,12.7097781860449,13.5873244097351,1
"383","Kaminokodaira","C","ツルアリドオシ","h",0.5,0.461538461538462,0.730769230769231,0.807692307692308,0.884615384615385,"Ⅲ","Ⅲ","Ⅳ","Ⅴ","Ⅴ",0.46,0.5,0.256,0.36,0.2532,15.1657508881031,15.191090506255,18.3344987974541,20.4939015319192,20.1723344440617,1
"384","Kaminokodaira","C","ツルシキミ","ds",0,0.423076923076923,0.807692307692308,0.961538461538462,0.846153846153846,"-","Ⅲ","Ⅴ","Ⅴ","Ⅴ",0,0.2,0.396,0.356,0.276,0,9.198662110078,20.4939015319192,22.3606797749979,19.2952764247546,0
"385","Kaminokodaira","C","ツルツゲ","ds",0,0.192307692307692,0.153846153846154,0.192307692307692,0.0769230769230769,"-","Ⅰ","Ⅰ","Ⅰ","Ⅰ",0,0.08,0.028,0.016,0.004,0,3.92232270276368,3.038218101251,3.92232270276368,1.24034734589208,0
"386","Kaminokodaira","C","ツルリンドウ","h",0.192307692307692,0.115384615384615,0.269230769230769,0.230769230769231,0.615384615384615,"Ⅰ","Ⅰ","Ⅱ","Ⅱ","Ⅳ",0.12,0.1,0.028,0.0724,0.06,4.80384461415261,3.39683110243379,5.68398560058805,5.26234811584217,13.5873244097351,1
"387","Kaminokodaira","C","トウゲシバ","f",0,0,0.0769230769230769,0.0769230769230769,0.0769230769230769,"-","-","Ⅰ","Ⅰ","Ⅰ",0,0,0.04,0.012,0.012,0,0,1.75411603861406,1.24034734589208,1.24034734589208,0
"388","Kaminokodaira","C","ハイイヌツゲ","ds",0.576923076923077,0.615384615384615,0.769230769230769,0.884615384615385,0.923076923076923,"Ⅲ","Ⅳ","Ⅳ","Ⅴ","Ⅴ",0.68,0.92,0.552,0.428,0.544,19.8067587532057,23.2709789553096,21.1223541811477,21.8561732170183,23.5339362165821,1
"389","Kaminokodaira","C","ハリガネカズラ","ds",0.0769230769230769,0.115384615384615,0,0,0,"Ⅰ","Ⅰ","-","-","-",0.02,0.04,0,0,0,1.24034734589208,2.1483446221183,0,0,0,0
"390","Kaminokodaira","C","ヒメカンアオイ","h",0.538461538461538,0.769230769230769,0.961538461538462,0.961538461538462,0.961538461538462,"Ⅲ","Ⅳ","Ⅴ","Ⅴ","Ⅴ",0.38,0.52,0.308,0.2132,0.192,14.3043834056343,20,22.7866357593825,21.483446221183,21.483446221183,1
"391","Kaminokodaira","C","ヒメカンスゲ","h",0.5,0,0,0.0769230769230769,0.0769230769230769,"Ⅲ","-","-","Ⅰ","Ⅰ",0.4,0,0,0.04,0.024,14.142135623731,0,0,1.75411603861406,1.24034734589208,0
"392","Kaminokodaira","C","ヒメモチ","ds",0.307692307692308,0,0.115384615384615,0.269230769230769,0.307692307692308,"Ⅱ","-","Ⅰ","Ⅱ","Ⅱ",0.14,0,0.008,0.028,0.048,6.56330123313894,0,2.1483446221183,5.68398560058805,6.56330123313894,0
"393","Kaminokodaira","C","ヒロハユキザサ","h",0,0.0769230769230769,0,0,0,"-","Ⅰ","-","-","-",0,0.02,0,0,0,0,1.24034734589208,0,0,0,0
"394","Kaminokodaira","C","ホソバトウゲシバ","f",0.461538461538462,0.769230769230769,0.730769230769231,0.884615384615385,0.807692307692308,"Ⅲ","Ⅳ","Ⅳ","Ⅴ","Ⅴ",0.4,0.84,0.604,1.3184,1.18,13.5873244097351,25.4195563720897,21.6261949425299,31.1941809169102,28.9827534923789,1
"395","Kaminokodaira","C","マイヅルソウ","h",0.769230769230769,0.769230769230769,1,1,0.961538461538462,"Ⅳ","Ⅳ","Ⅴ","Ⅴ","Ⅴ",1.88,2.4,2.18,1.1644,0.8,38.0283295209485,39.2232270276368,42.4264068711928,31.9374388453426,29.088723694137,1
"396","Kaminokodaira","C","マンネンスギ","f",0.153846153846154,0.153846153846154,0.153846153846154,0,0,"Ⅰ","Ⅰ","Ⅰ","-","-",0.08,0.1,0.016,0,0,3.50823207722812,3.92232270276368,3.038218101251,0,0,0
"397","Kaminokodaira","C","ミズバショウ","h",0,0.0769230769230769,0,0.115384615384615,0.115384615384615,"-","Ⅰ","-","Ⅰ","Ⅰ",0,0.02,0,0.012,0.072,0,1.24034734589208,0,2.1483446221183,2.63117405792109,0
"398","Kaminokodaira","C","ミツバオウレン","h",0.807692307692308,0.884615384615385,0.884615384615385,1,1,"Ⅴ","Ⅴ","Ⅴ","Ⅴ","Ⅴ",3.02,4.9,1.728,1.434,1.224,49.3885692162748,52.367047771549,37.3857233137505,36.3318042491699,31.9374388453426,1
"399","Kaminokodaira","C","ミツバノバイカオウレン","h",0,0,0.0769230769230769,0,0,"-","-","Ⅰ","-","-",0,0,0.12,0,0,0,0,3.038218101251,0,0,0
"400","Kaminokodaira","C","ミヤマアキノキリンソウ","h",0.0769230769230769,0,0,0,0,"Ⅰ","-","-","-","-",0.02,0,0,0,0,1.24034734589208,0,0,0,0,0
"401","Kaminokodaira","C","ミヤマイタチシダ","f",0,0,0.115384615384615,0.0769230769230769,0.192307692307692,"-","-","Ⅰ","Ⅰ","Ⅰ",0,0,0.016,0.004,0.02,0,0,2.1483446221183,1.24034734589208,3.92232270276368,0
"402","Kaminokodaira","C","ミヤマウズラ","h",0,0.115384615384615,0.0769230769230769,0,0.0769230769230769,"-","Ⅰ","Ⅰ","-","Ⅰ",0,0.04,0.004,0,0.004,0,2.1483446221183,1.24034734589208,0,1.24034734589208,0
"403","Kaminokodaira","C","ミヤマカンスゲ","h",0,0.653846153846154,0.538461538461538,0.615384615384615,0.576923076923077,"-","Ⅳ","Ⅲ","Ⅳ","Ⅲ",0,1.1,0.332,0.58,0.54,0,25.3134199737853,14.6759877141069,18.8924079175492,18.6052101883813,0
"404","Kaminokodaira","C","ミヤマシキミ","ds",0,0,0.115384615384615,0,0.0769230769230769,"-","-","Ⅰ","-","Ⅰ",0,0,0.044,0,0.004,0,0,2.63117405792109,0,1.24034734589208,0
"405","Kaminokodaira","C","ミヤマシケシダ","f",0,0,0.115384615384615,0.0769230769230769,0,"-","-","Ⅰ","Ⅰ","-",0,0,0.008,0.012,0,0,0,2.1483446221183,1.24034734589208,0,0
"406","Kaminokodaira","C","ミヤマシシガシラ","f",0,0,0,0.0769230769230769,0.115384615384615,"-","-","-","Ⅰ","Ⅰ",0,0,0,0.004,0.012,0,0,0,1.24034734589208,2.1483446221183,0
"407","Kaminokodaira","C","ミヤマベニシダ","f",0,0,0,0.0769230769230769,0,"-","-","-","Ⅰ","-",0,0,0,0.008,0,0,0,0,1.24034734589208,0,0
"408","Kaminokodaira","C","ヤマイヌワラビ","f",0,0,0,0.0769230769230769,0.0769230769230769,"-","-","-","Ⅰ","Ⅰ",0,0,0,0.004,0.004,0,0,0,1.24034734589208,1.24034734589208,0
"409","Kaminokodaira","C","ヤマソテツ","f",1,0.961538461538462,1,1,1,"Ⅴ","Ⅴ","Ⅴ","Ⅴ","Ⅴ",4.76,10,8.54,6.96,7.144,68.9927532426414,66.5062171761176,64.8074069840786,62.6099033699941,62.449979983984,1
"410","Kaminokodaira","C","ヤマトユキザサ","h",0,0,0,0.0769230769230769,0.0769230769230769,"-","-","-","Ⅰ","Ⅰ",0,0,0,0.004,0.004,0,0,0,1.24034734589208,1.24034734589208,0
"411","Kaminokodaira","C","ヤマドリゼンマイ","f",0.346153846153846,0.730769230769231,0,0.846153846153846,0.961538461538462,"Ⅱ","Ⅳ","-","Ⅴ","Ⅴ",0.42,0.84,0,1.96,1.728,12.0575542870275,24.1788209930796,0,37.2517423443831,39.2232270276368,0
"412","Kaminokodaira","C","ユキザサ","h",0,0,0.0769230769230769,0,0,"-","-","Ⅰ","-","-",0,0,0.004,0,0,0,0,1.24034734589208,0,0,0
"413","Kaminokodaira","S","チシマザサ","sasa",1,0.961538461538462,1,0.961538461538462,1,"Ⅴ","Ⅴ","Ⅴ","Ⅴ","Ⅴ",9.04,78.2,46.24,43.6,52.4,95.0789145920377,90.5113677518337,84.1427358718505,81.5711110249588,86.4869932417586,1
"414","Kaminokodaira",NA,"カヤツリグサ科",NA,0,0,0.0769230769230769,0,0,"-","-","Ⅰ","-","-",0,0,0.08,0,0,0,0,2.48069469178417,0,0,0
"415","Midagahara","B2","オオシラビソ","cl",0.0952380952380952,0.0952380952380952,0.0952380952380952,0.0952380952380952,0.0952380952380952,"Ⅰ","Ⅰ","Ⅰ","Ⅰ","Ⅰ",0.025,0.005,0.005,0.005,0.005,1.54303349962092,1.54303349962092,1.54303349962092,1.54303349962092,1.54303349962092,1
"416","Midagahara","B2","クロマメノキ","bs",0.714285714285714,0.761904761904762,0.904761904761905,0.80952380952381,0.714285714285714,"Ⅳ","Ⅳ","Ⅴ","Ⅴ","Ⅳ",1.325,2.68,1.272,1.175,0.89,30.7640792390829,32.659863237109,31.9038734773247,29.1547594742265,25,1
"417","Midagahara","B2","ミネカエデ","bs",0.0952380952380952,0.0952380952380952,0,0,0,"Ⅰ","Ⅰ","-","-","-",0.025,0.005,0,0,0,1.54303349962092,1.54303349962092,0,0,0,0
"418","Midagahara","C","アカモノ","ds",0.0952380952380952,0,0.142857142857143,0,0.142857142857143,"Ⅰ","-","Ⅰ","-","Ⅰ",0.025,0,0.0055,0,0.01,1.54303349962092,0,2.67261241912424,0,2.67261241912424,0
"419","Midagahara","C","イワイチョウ","h",0.952380952380952,0.857142857142857,0.952380952380952,1,0.904761904761905,"Ⅴ","Ⅴ","Ⅴ","Ⅴ","Ⅴ",3.975,10.7,13.45,12.57,12.75,61.5281584781658,59.2814112035612,65.4653670707977,65.1920240520265,61.6441400296898,1
"420","Midagahara","C","イワカガミ","h",0.904761904761905,0.904761904761905,0.904761904761905,0.952380952380952,0.952380952380952,"Ⅴ","Ⅴ","Ⅴ","Ⅴ","Ⅴ",1.675,2.665,3.425,2.52,3.675,38.9291175147368,44.3605358720692,47.796692453807,45.7737708217063,50.709255283711,1
"421","Midagahara","C","イワショウブ","h",0.952380952380952,0.428571428571429,0.666666666666667,0.952380952380952,0.904761904761905,"Ⅴ","Ⅲ","Ⅳ","Ⅴ","Ⅴ",1.55,0.655,0.365,0.32,0.56,38.4212242932272,17.0084012854152,16.8325082306035,21.8217890235992,24.2506750028785,1
"422","Midagahara","C","キンコウカ","h",0.666666666666667,0.714285714285714,0.761904761904762,0.714285714285714,0.761904761904762,"Ⅳ","Ⅳ","Ⅳ","Ⅳ","Ⅳ",1.225,0.835,0.885,0.665,0.815,28.5773803324704,25.7043631649237,27.6026223736942,23.1455024943138,25.0713268211203,1
"423","Midagahara","C","コバノトンボソウ","h",0,0,0.0952380952380952,0.142857142857143,0.19047619047619,"-","-","Ⅰ","Ⅰ","Ⅰ",0,0,5e-04,0.015,0.015,0,0,1.54303349962092,2.67261241912424,3.77964473009227,0
"424","Midagahara","C","ショウジョウスゲ","h",1,0.952380952380952,0.952380952380952,0.952380952380952,0.952380952380952,"Ⅴ","Ⅴ","Ⅴ","Ⅴ","Ⅴ",5.75,21.405,25.15,29.2,22.4,75.8287544405155,70.8788369247798,73.0296743340221,74.6420027292179,72.0449595077698,1
"425","Midagahara","C","ショウジョウバカマ","h",0.19047619047619,0.285714285714286,0.19047619047619,0.238095238095238,0.285714285714286,"Ⅰ","Ⅱ","Ⅰ","Ⅱ","Ⅱ",0.075,0.025,0.04,0.025,0.025,3.77964473009227,5.97614304667197,3.77964473009227,4.87950036474267,5.97614304667197,1
"426","Midagahara","C","シラタマノキ","ds",0,0,0,0,0.0952380952380952,"-","-","-","-","Ⅰ",0,0,0,0,0.005,0,0,0,0,1.54303349962092,0
"427","Midagahara","C","ゼンテイカ","h",0.0952380952380952,0.0952380952380952,0,0,0,"Ⅰ","Ⅰ","-","-","-",0.05,0.05,0,0,0,2.18217890235992,2.18217890235992,0,0,0,0
"428","Midagahara","C","タテヤマリンドウ","h",0.904761904761905,0.476190476190476,0.19047619047619,0.714285714285714,0.714285714285714,"Ⅴ","Ⅲ","Ⅰ","Ⅳ","Ⅳ",0.65,0.09,0.015,3.605,0.292,24.2506750028785,10.9108945117996,3.77964473009227,22.75647474582,17.9284291400159,1
"429","Midagahara","C","チングルマ","ds",0.904761904761905,1,1,1,1,"Ⅴ","Ⅴ","Ⅴ","Ⅴ","Ⅴ",4.05,14.355,10.8125,11.875,10.31,60.5333438221094,69.8212002188447,66.1437827766148,67.2681202353685,64.6142399166004,1
"430","Midagahara","C","ツマトリソウ","h",0.19047619047619,0.142857142857143,0.142857142857143,0.0952380952380952,0,"Ⅰ","Ⅰ","Ⅰ","Ⅰ","-",0.075,0.01,0.01,0.005,0,3.77964473009227,2.67261241912424,2.67261241912424,1.54303349962092,0,0
"431","Midagahara","C","ヌマガヤ","h",1,1,1,1,1,"Ⅴ","Ⅴ","Ⅴ","Ⅴ","Ⅴ",4.3,7.75,5.3,3.7,8.215,65.57438524302,63.6396103067893,59.1607978309962,53.1507290636732,64.4204936336256,1
"432","Midagahara","C","ネバリノギラン","h",0,0.80952380952381,0.142857142857143,0.142857142857143,0,"-","Ⅴ","Ⅰ","Ⅰ","-",0,0.88,0.0055,0.01,0,0,27.7317078278208,2.67261241912424,2.67261241912424,0,0
"433","Midagahara","C","ミカヅキグサ","h",0.285714285714286,0.285714285714286,0.476190476190476,0.523809523809524,0.380952380952381,"Ⅱ","Ⅱ","Ⅲ","Ⅲ","Ⅱ",0.2,0.12,0.855,0.485,0.32,7.55928946018454,7.55928946018454,19.2106121466136,17.354840137278,12.3442679969674,1
"434","Midagahara","C","ミヤマイヌノハナヒゲ","h",1,0.857142857142857,0.904761904761905,1,0.857142857142857,"Ⅴ","Ⅴ","Ⅴ","Ⅴ","Ⅴ",4.725,11.65,15.25,17.8,15.025,68.7386354243376,58.9188303637179,62.3736818736572,70.3562363973514,60.7100838882165,1
"435","Midagahara","C","ミヤマカンスゲ","h",0.142857142857143,0.0952380952380952,0,0,0,"Ⅰ","Ⅰ","-","-","-",0.05,0.05,0,0,0,2.67261241912424,2.18217890235992,0,0,0,0
"436","Midagahara","C","ミヤマホタルイ","h",0.571428571428571,0.666666666666667,0.761904761904762,0.714285714285714,0.666666666666667,"Ⅲ","Ⅳ","Ⅳ","Ⅳ","Ⅳ",1.3,1.81,3.38,3.345,5.835,27.2554057547699,32.659863237109,38.5449644663773,35.6069816588986,36.9684550213647,1
"437","Midagahara","C","モウセンゴケ","h",0.761904761904762,0.80952380952381,0.857142857142857,0.904761904761905,0.952380952380952,"Ⅳ","Ⅴ","Ⅴ","Ⅴ","Ⅴ",0.9,1.31,1.82,1.81,3.685,26.1861468283191,31.8104505140176,37.6069902316805,39.2185573178723,39.0360029179413,1
"438","Midagahara","C","ヤチカワズスゲ","h",0.571428571428571,0.666666666666667,0.666666666666667,0.714285714285714,0.380952380952381,"Ⅲ","Ⅳ","Ⅳ","Ⅳ","Ⅱ",0.475,1.535,2.005,1.995,1.315,16.4750894209583,26.1406452355969,28.5773803324704,28.9704282723904,16.0356745147455,1
"439","Midagahara","C","ヤチスゲ","h",0.0952380952380952,0.0952380952380952,0.0952380952380952,0.142857142857143,0.0952380952380952,"Ⅰ","Ⅰ","Ⅰ","Ⅰ","Ⅰ",0.05,0.05,0.05,0.105,0.05,2.18217890235992,2.18217890235992,2.18217890235992,4.22577127364258,2.18217890235992,1
"440","Midagahara","C","ワタスゲ","h",0.238095238095238,0.285714285714286,0.476190476190476,0.571428571428571,0.666666666666667,"Ⅱ","Ⅱ","Ⅲ","Ⅲ","Ⅳ",0.35,0.115,0.535,0.38,0.665,9.12870929175277,7.07106781186548,16.5471908132324,16.0356745147455,21.2132034355964,1
"441","Midagahara","C","ワレモコウ","h",0.666666666666667,0.761904761904762,0.857142857142857,0.904761904761905,0.761904761904762,"Ⅳ","Ⅳ","Ⅴ","Ⅴ","Ⅳ",1.625,1.37,1.065,1.555,1.62,32.9140294302192,32.0713490294909,30.3550419441083,35.9066249358766,31.7730044144996,1
"442","Midagahara","S","チシマザサ","sasa",0.619047619047619,0.523809523809524,0.476190476190476,0.476190476190476,0.428571428571429,"Ⅳ","Ⅲ","Ⅲ","Ⅲ","Ⅲ",2.6,14.75,6.65,10.67,8.6,40.1188709901439,37.6069902316805,31.6227766016838,33.6296354567275,31.0529501704059,1
"443","Midagahara",NA,"水面",NA,0.952380952380952,0.952380952380952,0.904761904761905,1,0.952380952380952,"Ⅴ","Ⅴ","Ⅴ","Ⅴ","Ⅴ",7.15,19.9,10.18,14.775,15.8,82.5198388844998,69.0065559342354,51.2231346542705,65.3834841531101,63.8077469546494,1
"444","Mimatsu","B2","アクシバ","bs",0,0,0.0769230769230769,0,0,"-","-","Ⅰ","-","-",0,0,0.02,0,0,0,0,1.24034734589208,0,0,0
"445","Mimatsu","B2","ウラジロナナカマド","bs",0,0.0769230769230769,0.0769230769230769,0.0769230769230769,0.0769230769230769,"-","Ⅰ","Ⅰ","Ⅰ","Ⅰ",0,0.08,0.08,0.12,0.12,0,2.48069469178417,2.48069469178417,3.038218101251,3.038218101251,0
"446","Mimatsu","B2","ウラジロヨウラク","bs",0,0,0.0769230769230769,0,0,"-","-","Ⅰ","-","-",0,0,0.02,0,0,0,0,1.24034734589208,0,0,0
"447","Mimatsu","B2","オオカメノキ","bs",0.423076923076923,0.461538461538462,0.538461538461538,0.576923076923077,0.576923076923077,"Ⅲ","Ⅲ","Ⅲ","Ⅲ","Ⅲ",0.78,0.74,0.724,0.476,0.476,18.1659021245849,17.9743406854583,19.135146880906,16.9841555121689,16.9841555121689,1
"448","Mimatsu","B2","オオシラビソ","cl",0.846153846153846,0.769230769230769,0.884615384615385,0.884615384615385,0.884615384615385,"Ⅴ","Ⅳ","Ⅴ","Ⅴ","Ⅴ",3.1,5.04,4.464,2.536,2.536,51.2159830822071,45.0640569719286,42.0622249676687,39.6814236717306,39.6814236717306,1
"449","Mimatsu","B2","オオバスノキ","bs",0.538461538461538,0.769230769230769,0.769230769230769,0.692307692307692,0.692307692307692,"Ⅲ","Ⅳ","Ⅳ","Ⅳ","Ⅳ",1.5,2.76,2.164,1.852,1.852,28.4199280029403,41.1376675603721,34.1940165706044,31.3540575217455,31.3540575217455,1
"450","Mimatsu","B2","オガラバナ","bs",0.538461538461538,0.461538461538462,0.576923076923077,0.5,0.5,"Ⅲ","Ⅲ","Ⅲ","Ⅲ","Ⅲ",1.92,3.54,2.14,1,1,32.15347809874,26.6602556396076,28.6222076232909,20.976176963403,20.976176963403,1
"451","Mimatsu","B2","オノエヤナギ","bl",0.230769230769231,0.269230769230769,0.192307692307692,0.192307692307692,0.192307692307692,"Ⅱ","Ⅱ","Ⅰ","Ⅰ","Ⅰ",0.84,1.58,0.84,0.8,0.8,13.9228644267677,15.5662356498831,10,10,10,1
"452","Mimatsu","B2","クマイチゴ","bs",0,0.115384615384615,0,0.0769230769230769,0.0769230769230769,"-","Ⅰ","-","Ⅰ","Ⅰ",0,0.04,0,0.02,0.02,0,2.1483446221183,0,1.24034734589208,1.24034734589208,0
"453","Mimatsu","B2","クロウスゴ","bs",0.615384615384615,0.423076923076923,0.576923076923077,0.576923076923077,0.576923076923077,"Ⅳ","Ⅲ","Ⅲ","Ⅲ","Ⅲ",0.76,0.58,0.484,0.368,0.368,21.6261949425299,15.1149442096734,16.9841555121689,15.5662356498831,15.5662356498831,1
"454","Mimatsu","B2","クロツリバナ","bs",0.307692307692308,0.346153846153846,0.346153846153846,0.346153846153846,0.346153846153846,"Ⅱ","Ⅱ","Ⅱ","Ⅱ","Ⅱ",0.68,1,2.704,0.668,0.668,14.4648114135916,17.0519568017642,16.6410058867569,14.6497571520959,14.6497571520959,1
"455","Mimatsu","B2","コメツガ","cl",0,0,0,0.0769230769230769,0.0769230769230769,"-","-","-","Ⅰ","Ⅰ",0,0,0,0.04,0.04,0,0,0,1.75411603861406,1.75411603861406,0
"456","Mimatsu","B2","タカネナナカマド","bs",0.0769230769230769,0,0,0,0,"Ⅰ","-","-","-","-",0.08,0,0,0,0,2.48069469178417,0,0,0,0,0
"457","Mimatsu","B2","ダケカンバ","bl",0.384615384615385,0.384615384615385,0.384615384615385,0.423076923076923,0.423076923076923,"Ⅱ","Ⅱ","Ⅱ","Ⅲ","Ⅲ",1.68,3.3,0.8,0.948,0.948,25.4195563720897,23.0384294336491,17.0970082853022,18.8516475509335,18.8516475509335,1
"458","Mimatsu","B2","ナナカマド","bs",0.5,0.615384615384615,0.576923076923077,0.769230769230769,0.769230769230769,"Ⅲ","Ⅳ","Ⅲ","Ⅳ","Ⅳ",1.42,3.1,1.72,1.484,1.484,26.6458251889485,34.1940165706044,26.3117405792109,30.8843998459765,30.8843998459765,1
"459","Mimatsu","B2","ハリブキ","bs",0.269230769230769,0.384615384615385,0.269230769230769,0.423076923076923,0.423076923076923,"Ⅱ","Ⅱ","Ⅱ","Ⅲ","Ⅲ",0.14,0.2,0.108,0.144,0.144,6.1394061351492,8.77058019307029,6.1394061351492,9.64763821237732,9.64763821237732,1
"460","Mimatsu","B2","バッコヤナギ","bl",0.115384615384615,0.115384615384615,0.115384615384615,0.153846153846154,0.153846153846154,"Ⅰ","Ⅰ","Ⅰ","Ⅰ","Ⅰ",0.1,0.42,0.42,0.46,0.46,3.39683110243379,5.03831473655779,5.03831473655779,6.32455532033676,6.32455532033676,1
"461","Mimatsu","B2","ヒメウスノキ","bs",0,0.307692307692308,0.423076923076923,0.423076923076923,0.423076923076923,"-","Ⅱ","Ⅲ","Ⅲ","Ⅲ",0,0.14,0.428,0.144,0.144,0,6.56330123313894,13.3301278198038,9.64763821237732,9.64763821237732,0
"462","Mimatsu","B2","ベニバナイチゴ","bs",0.0769230769230769,0.153846153846154,0.0769230769230769,0.153846153846154,0.153846153846154,"Ⅰ","Ⅰ","Ⅰ","Ⅰ","Ⅰ",0.16,0.54,0.08,0.46,0.46,3.50823207722812,7.23240570679579,2.48069469178417,6.79366220486757,6.79366220486757,1
"463","Mimatsu","B2","ミネカエデ","bs",0.653846153846154,0.769230769230769,0.884615384615385,0.846153846153846,0.846153846153846,"Ⅳ","Ⅳ","Ⅴ","Ⅴ","Ⅴ",2.62,6,3.36,2.376,2.376,41.3893334456708,48.6747446755581,44.9101667434343,39.6717299074058,39.6717299074058,1
"464","Mimatsu","B2","ミヤマハンノキ","bs",0.307692307692308,0.461538461538462,0.346153846153846,0.307692307692308,0.307692307692308,"Ⅱ","Ⅲ","Ⅱ","Ⅱ","Ⅱ",1.2,1.8,0.9,0.32,0.32,19.2153784566105,22.7359424023522,16.0048069702151,9.92277876713668,9.92277876713668,1
"465","Mimatsu","B2","ミヤマホツツジ","bs",0,0,0.0769230769230769,0,0,"-","-","Ⅰ","-","-",0,0,0.02,0,0,0,0,1.24034734589208,0,0,0
"466","Mimatsu","B2","ムラサキヤシオツツジ","bs",0,0.115384615384615,0.115384615384615,0.153846153846154,0.153846153846154,"-","Ⅰ","Ⅰ","Ⅰ","Ⅰ",0,0.04,0.024,0.036,0.036,0,2.1483446221183,2.1483446221183,3.038218101251,3.038218101251,0
"467","Mimatsu","C","アイイタドリ","h",0,0,0,0.0769230769230769,0.0769230769230769,"-","-","-","Ⅰ","Ⅰ",0,0,0,0.004,0.004,0,0,0,1.24034734589208,1.24034734589208,0
"468","Mimatsu","C","アカショウマ","h",0,0,0.115384615384615,0.230769230769231,0.230769230769231,"-","-","Ⅰ","Ⅱ","Ⅱ",0,0,0.008,0.24,0.24,0,0,2.1483446221183,7.44208407535251,7.44208407535251,0
"469","Mimatsu","C","アキカラマツ","h",0.0769230769230769,0.115384615384615,0.115384615384615,0.0769230769230769,0.0769230769230769,"Ⅰ","Ⅰ","Ⅰ","Ⅰ","Ⅰ",0.04,0.24,0.08,0.04,0.04,1.75411603861406,4.80384461415261,3.038218101251,1.75411603861406,1.75411603861406,1
"470","Mimatsu","C","イグサ","h",0,0,0,0.0769230769230769,0.0769230769230769,"-","-","-","Ⅰ","Ⅰ",0,0,0,0.004,0.004,0,0,0,1.24034734589208,1.24034734589208,0
"471","Mimatsu","C","イタドリ","h",0.153846153846154,0.0769230769230769,0.115384615384615,0.192307692307692,0.192307692307692,"Ⅰ","Ⅰ","Ⅰ","Ⅰ","Ⅰ",0.48,0.2,0.14,0.92,0.92,8.59337848847319,3.50823207722812,4.0191847623425,9.60768922830523,9.60768922830523,1
"472","Mimatsu","C","イヌガンソク","f",0,0,0,0,0,"-","-","-","-","-",0,0,0,0,0,0,0,0,0,0,0
"473","Mimatsu","C","イヌワラビ","f",0,0.269230769230769,0.115384615384615,0.153846153846154,0.153846153846154,"-","Ⅱ","Ⅰ","Ⅰ","Ⅰ",0,0.2,0.024,0.064,0.064,0,7.33799385705343,2.1483446221183,3.50823207722812,3.50823207722812,0
"474","Mimatsu","C","イブキコゴメグサ","h",0.0769230769230769,0,0,0,0,"Ⅰ","-","-","-","-",0.02,0,0,0,0,1.24034734589208,0,0,0,0,0
"475","Mimatsu","C","イワオウギ","h",0.153846153846154,0,0,0,0,"Ⅰ","-","-","-","-",0.32,0,0,0,0,7.01646415445623,0,0,0,0,0
"476","Mimatsu","C","イワカガミ","h",0.461538461538462,0.461538461538462,0.653846153846154,0.576923076923077,0.576923076923077,"Ⅲ","Ⅲ","Ⅳ","Ⅲ","Ⅲ",0.4,0.52,0.3,0.14,0.14,13.5873244097351,15.4919333848297,15.3422493587028,12.7097781860449,12.7097781860449,1
"477","Mimatsu","C","イワナシ","ds",0.346153846153846,0.384615384615385,0.461538461538462,0.461538461538462,0.461538461538462,"Ⅱ","Ⅱ","Ⅲ","Ⅲ","Ⅲ",0.22,0.2,0.192,0.076,0.076,8.72661710824109,8.77058019307029,10.5246962316843,10.0766294731156,10.0766294731156,1
"478","Mimatsu","C","ウラジロタデ","h",0,0,0.0769230769230769,0,0,"-","-","Ⅰ","-","-",0,0,0.004,0,0,0,0,1.24034734589208,0,0,0
"479","Mimatsu","C","エンレイソウ","h",0.384615384615385,0.807692307692308,0.692307692307692,0.5,0.5,"Ⅱ","Ⅴ","Ⅳ","Ⅲ","Ⅲ",0.18,0.4,0.24,0.2192,0.2192,8.32050294337844,17.9743406854583,15.3422493587028,10.9544511501033,10.9544511501033,1
"480","Mimatsu","C","オオイタドリ","h",0.192307692307692,0.192307692307692,0.230769230769231,0.230769230769231,0.230769230769231,"Ⅰ","Ⅰ","Ⅱ","Ⅱ","Ⅱ",0.8,3.4,2.36,3.72,3.72,12.4034734589208,13.3012434352235,14.2505060638885,16.07673904937,16.07673904937,1
"481","Mimatsu","C","オオハナウド","h",0,0,0.0769230769230769,0.0769230769230769,0.0769230769230769,"-","-","Ⅰ","Ⅰ","Ⅰ",0,0,0.12,0.04,0.04,0,0,3.038218101251,1.75411603861406,1.75411603861406,0
"482","Mimatsu","C","オオバコ","h",0,0,0.0769230769230769,0,0,"-","-","Ⅰ","-","-",0,0,0.004,0,0,0,0,1.24034734589208,0,0,0
"483","Mimatsu","C","オオバショリマ","f",0,0.346153846153846,0.423076923076923,0.5,0.5,"-","Ⅱ","Ⅲ","Ⅲ","Ⅲ",0,0.44,0.268,0.2,0.2,0,11.766968108291,10.8840037881994,11.4017542509914,11.4017542509914,0
"484","Mimatsu","C","オオバタケシマラン","h",0.115384615384615,0.115384615384615,0.0769230769230769,0.192307692307692,0.192307692307692,"Ⅰ","Ⅰ","Ⅰ","Ⅰ","Ⅰ",0.06,0.04,0.02,0.064,0.064,2.63117405792109,2.1483446221183,1.24034734589208,4.38529009653515,4.38529009653515,1
"485","Mimatsu","C","オオバノヨツバムグラ","h",0.153846153846154,0.307692307692308,0.230769230769231,0.192307692307692,0.192307692307692,"Ⅰ","Ⅱ","Ⅱ","Ⅰ","Ⅰ",0.1,0.26,0.02,0.032,0.032,3.92232270276368,8.94427190999916,4.80384461415261,3.92232270276368,3.92232270276368,1
"486","Mimatsu","C","オシダ","f",0.0769230769230769,0,0.115384615384615,0.0769230769230769,0.0769230769230769,"Ⅰ","-","Ⅰ","Ⅰ","Ⅰ",0.02,0,0.04,0.04,0.04,1.24034734589208,0,2.1483446221183,1.75411603861406,1.75411603861406,0
"487","Mimatsu","C","オニシモツケ","h",0,0.115384615384615,0.0769230769230769,0.115384615384615,0.115384615384615,"-","Ⅰ","Ⅰ","Ⅰ","Ⅰ",0,0.6,0.12,0.24,0.24,0,6.44503386635489,3.038218101251,4.80384461415261,4.80384461415261,0
"488","Mimatsu","C","カニコウモリ","h",0.0769230769230769,0.115384615384615,0.153846153846154,0.115384615384615,0.115384615384615,"Ⅰ","Ⅰ","Ⅰ","Ⅰ","Ⅰ",0.02,0.06,0.048,0.032,0.032,1.24034734589208,2.63117405792109,3.50823207722812,2.1483446221183,2.1483446221183,1
"489","Mimatsu","C","キオン","h",0.0769230769230769,0,0,0,0,"Ⅰ","-","-","-","-",0.02,0,0,0,0,1.24034734589208,0,0,0,0,0
"490","Mimatsu","C","キソチドリ","h",0.115384615384615,0,0,0,0,"Ⅰ","-","-","-","-",0.04,0,0,0,0,2.1483446221183,0,0,0,0,0
"491","Mimatsu","C","キヌガサソウ","h",0.115384615384615,0.153846153846154,0.153846153846154,0.153846153846154,0.153846153846154,"Ⅰ","Ⅰ","Ⅰ","Ⅰ","Ⅰ",0.1,0.12,0.06,0.048,0.048,3.39683110243379,4.2966892442366,3.038218101251,3.50823207722812,3.50823207722812,1
"492","Mimatsu","C","クロトウヒレン","h",0,0,0,0.0769230769230769,0.0769230769230769,"-","-","-","Ⅰ","Ⅰ",0,0,0,0.04,0.04,0,0,0,1.75411603861406,1.75411603861406,0
"493","Mimatsu","C","コウゾリナ","h",0.115384615384615,0.0769230769230769,0,0,0,"Ⅰ","Ⅰ","-","-","-",0.18,0.02,0,0,0,4.5573271518765,1.24034734589208,0,0,0,0
"494","Mimatsu","C","コバイケイソウ","h",0.0769230769230769,0.153846153846154,0.0769230769230769,0.115384615384615,0.115384615384615,"Ⅰ","Ⅰ","Ⅰ","Ⅰ","Ⅰ",0.02,0.08,0.02,0.008,0.008,1.24034734589208,3.50823207722812,1.24034734589208,2.1483446221183,2.1483446221183,1
"495","Mimatsu","C","コミヤマカタバミ","h",0.384615384615385,0.5,0.5,0.538461538461538,0.538461538461538,"Ⅱ","Ⅲ","Ⅲ","Ⅲ","Ⅲ",0.9,1.86,1.264,1.36,1.36,18.6052101883813,27.0185121722126,24.0831891575846,24.9923065085115,24.9923065085115,1
"496","Mimatsu","C","コメススキ","h",0,0,0,0.115384615384615,0.115384615384615,"-","-","-","Ⅰ","Ⅰ",0,0,0,0.008,0.008,0,0,0,2.1483446221183,2.1483446221183,0
"497","Mimatsu","C","ゴゼンタチバナ","h",0.615384615384615,0.730769230769231,0.730769230769231,0.692307692307692,0.692307692307692,"Ⅳ","Ⅳ","Ⅳ","Ⅳ","Ⅳ",1.46,1.4,0.856,0.408,0.408,29.9743480072801,30.5840581902503,24.479190534631,17.0519568017642,17.0519568017642,1
"498","Mimatsu","C","ゴマナ","h",0.0769230769230769,0.192307692307692,0.115384615384615,0.230769230769231,0.230769230769231,"Ⅰ","Ⅰ","Ⅰ","Ⅱ","Ⅱ",0.04,0.98,0.24,0.864,0.864,1.75411603861406,9.8058067569092,4.80384461415261,12.3413002681116,12.3413002681116,1
"499","Mimatsu","C","サカゲイノデ","f",0,0,0.115384615384615,0.192307692307692,0.192307692307692,"-","-","Ⅰ","Ⅰ","Ⅰ",0,0,0.04,0.104,0.104,0,0,2.1483446221183,4.80384461415261,4.80384461415261,0
"500","Mimatsu","C","サンカヨウ","h",0.230769230769231,0.307692307692308,0.423076923076923,0.230769230769231,0.230769230769231,"Ⅱ","Ⅱ","Ⅲ","Ⅱ","Ⅱ",0.1,0.14,0.152,0.06,0.06,4.80384461415261,6.56330123313894,9.198662110078,4.80384461415261,4.80384461415261,1
"501","Mimatsu","C","シノブカグマ","f",0.230769230769231,0.423076923076923,0.461538461538462,0.461538461538462,0.461538461538462,"Ⅱ","Ⅲ","Ⅲ","Ⅲ","Ⅲ",0.32,0.24,0.32,0.148,0.148,8.59337848847319,10.0766294731156,12.152872405004,10.5246962316843,10.5246962316843,1
"502","Mimatsu","C","シモツケソウ","h",0.115384615384615,0.0769230769230769,0.0769230769230769,0,0,"Ⅰ","Ⅰ","Ⅰ","-","-",0.14,0.08,0.02,0,0,4.0191847623425,2.48069469178417,1.24034734589208,0,0,0
"503","Mimatsu","C","ショウジョウバカマ","h",0.653846153846154,0.692307692307692,0.692307692307692,0.692307692307692,0.692307692307692,"Ⅳ","Ⅳ","Ⅳ","Ⅳ","Ⅳ",0.94,0.92,0.276,0.204,0.204,24.7914377278807,25.2373349806012,15.3422493587028,15.7870443475265,15.7870443475265,1
"504","Mimatsu","C","シラネセンキュウ","h",0,0,0.115384615384615,0.0769230769230769,0.0769230769230769,"-","-","Ⅰ","Ⅰ","Ⅰ",0,0,0.044,0.008,0.008,0,0,2.63117405792109,1.24034734589208,1.24034734589208,0
"505","Mimatsu","C","シラネニンジン","h",0,0,0,0.153846153846154,0.153846153846154,"-","-","-","Ⅰ","Ⅰ",0,0,0,0.064,0.064,0,0,0,3.50823207722812,3.50823207722812,0
"506","Mimatsu","C","シラネワラビ","f",0.5,0.538461538461538,0.653846153846154,0.615384615384615,0.615384615384615,"Ⅲ","Ⅲ","Ⅳ","Ⅳ","Ⅳ",1.1,1.34,1.24,1.532,1.532,23.4520787991171,23.8907771068509,26.0768096208106,28.716117157711,28.716117157711,1
"507","Mimatsu","C","スギナ","f",0,0,0.115384615384615,0.115384615384615,0.115384615384615,"-","-","Ⅰ","Ⅰ","Ⅰ",0,0,0.008,0.008,0.008,0,0,2.1483446221183,2.1483446221183,2.1483446221183,0
"508","Mimatsu","C","セイヨウタンポポ","h",0.0769230769230769,0,0,0,0,"Ⅰ","-","-","-","-",0.08,0,0,0,0,2.48069469178417,0,0,0,0,0
"509","Mimatsu","C","タケシマラン","h",0,0.192307692307692,0.230769230769231,0.269230769230769,0.269230769230769,"-","Ⅰ","Ⅱ","Ⅱ","Ⅱ",0,0.24,0.12,0.032,0.032,0,6.79366220486757,5.26234811584217,5.68398560058805,5.68398560058805,0
"510","Mimatsu","C","タテヤマアザミ","h",0.192307692307692,0.346153846153846,0.230769230769231,0.153846153846154,0.153846153846154,"Ⅰ","Ⅱ","Ⅱ","Ⅰ","Ⅰ",0.6,2.22,1.16,0.46,0.46,10.7417231105915,18.7903412176821,13.5873244097351,7.44208407535251,7.44208407535251,1
"511","Mimatsu","C","タニギキョウ","h",0.0769230769230769,0.115384615384615,0,0.115384615384615,0.115384615384615,"Ⅰ","Ⅰ","-","Ⅰ","Ⅰ",0.02,0.08,0,0.04,0.04,1.24034734589208,3.038218101251,0,2.1483446221183,2.1483446221183,0
"512","Mimatsu","C","チゴユリ","h",1,0,0.423076923076923,0.461538461538462,0.461538461538462,"Ⅴ","-","Ⅲ","Ⅲ","Ⅲ",1.24,0,0.184,0.08,0.08,35.213633723318,0,9.198662110078,10.0766294731156,10.0766294731156,0
"513","Mimatsu","C","ツクバネソウ","h",0.384615384615385,0.346153846153846,0.423076923076923,0.423076923076923,0.423076923076923,"Ⅱ","Ⅱ","Ⅲ","Ⅲ","Ⅲ",0.22,0.2,0.088,0.056,0.056,9.198662110078,8.32050294337844,9.198662110078,9.198662110078,9.198662110078,1
"514","Mimatsu","C","ツマトリソウ","h",0.269230769230769,0.230769230769231,0.346153846153846,0.423076923076923,0.423076923076923,"Ⅱ","Ⅱ","Ⅱ","Ⅲ","Ⅲ",0.12,0.1,0.096,0.052,0.052,5.68398560058805,4.80384461415261,7.44208407535251,9.198662110078,9.198662110078,1
"515","Mimatsu","C","ツルリンドウ","h",0.576923076923077,0.461538461538462,0.461538461538462,0.5,0.5,"Ⅲ","Ⅲ","Ⅲ","Ⅲ","Ⅲ",0.58,0.48,0.176,0.056,0.056,18.2924953086063,14.884168150705,10.0766294731156,10.9544511501033,10.9544511501033,1
"516","Mimatsu","C","テガタチドリ","h",0,0,0.0769230769230769,0.0769230769230769,0.0769230769230769,"-","-","Ⅰ","Ⅰ","Ⅰ",0,0,0.004,0.004,0.004,0,0,1.24034734589208,1.24034734589208,1.24034734589208,0
"517","Mimatsu","C","ノコンギク","h",0.192307692307692,0,0,0,0,"Ⅰ","-","-","-","-",0.64,0,0,0,0,11.0940039245046,0,0,0,0,0
"518","Mimatsu","C","ハクモウイノデ","f",0.115384615384615,0,0,0,0,"Ⅰ","-","-","-","-",0.1,0,0,0,0,3.39683110243379,0,0,0,0,0
"519","Mimatsu","C","ヒゲノガリヤス","h",0.153846153846154,0.115384615384615,0.115384615384615,0.0769230769230769,0.0769230769230769,"Ⅰ","Ⅰ","Ⅰ","Ⅰ","Ⅰ",0.2,0.2,0.024,0.04,0.04,5.54700196225229,4.80384461415261,2.1483446221183,1.75411603861406,1.75411603861406,1
"520","Mimatsu","C","ヒメゴヨウイチゴ","ds",0.461538461538462,0.461538461538462,0.615384615384615,0.576923076923077,0.576923076923077,"Ⅲ","Ⅲ","Ⅳ","Ⅲ","Ⅲ",1.58,2.04,0.684,0.596,0.596,27.0042731661263,24.6826005362233,20.7549808665108,19.8067587532057,19.8067587532057,1
"521","Mimatsu","C","ヒメタケシマラン","h",0,0.730769230769231,0.730769230769231,0.692307692307692,0.692307692307692,"-","Ⅳ","Ⅳ","Ⅳ","Ⅳ",0,0.72,0.316,0.148,0.148,0,22.9380436426877,16.6641023668336,15.3422493587028,15.3422493587028,0
"522","Mimatsu","C","ヒメノガリヤス","h",0.0769230769230769,0.0769230769230769,0.153846153846154,0.0769230769230769,0.0769230769230769,"Ⅰ","Ⅰ","Ⅰ","Ⅰ","Ⅰ",0.08,0.08,0.204,0.004,0.004,2.48069469178417,2.48069469178417,4.96138938356834,1.24034734589208,1.24034734589208,1
"523","Mimatsu","C","ヒメワラビ","f",0,0,0.0769230769230769,0,0,"-","-","Ⅰ","-","-",0,0,0.04,0,0,0,0,1.75411603861406,0,0,0
"524","Mimatsu","C","ヒロハユキザサ","h",0,0.346153846153846,0.5,0.384615384615385,0.384615384615385,"-","Ⅱ","Ⅲ","Ⅱ","Ⅱ",0,0.18,0.252,0.16,0.16,0,7.89352217376326,12.2474487139159,8.77058019307029,8.77058019307029,0
"525","Mimatsu","C","フキ","h",0.230769230769231,0.269230769230769,0.269230769230769,0.269230769230769,0.269230769230769,"Ⅱ","Ⅱ","Ⅱ","Ⅱ","Ⅱ",0.62,1.42,0.764,1.2,1.2,11.9614766261078,15.5662356498831,13.3301278198038,14.3043834056343,14.3043834056343,1
"526","Mimatsu","C","ホソバトウゲシバ","f",0,0.0769230769230769,0,0,0,"-","Ⅰ","-","-","-",0,0.02,0,0,0,0,1.24034734589208,0,0,0,0
"527","Mimatsu","C","マイヅルソウ","h",0.692307692307692,0.5,0.653846153846154,0.769230769230769,0.769230769230769,"Ⅳ","Ⅲ","Ⅳ","Ⅳ","Ⅳ",1.02,0.64,0.344,0.336,0.336,26.5735553916642,17.8885438199983,16.9614948542959,20,20,1
"528","Mimatsu","C","マルバダケブキ","h",0,0,0,0.115384615384615,0.115384615384615,"-","-","-","Ⅰ","Ⅰ",0,0,0,0.06,0.06,0,0,0,2.63117405792109,2.63117405792109,0
"529","Mimatsu","C","ミズバショウ","h",0.615384615384615,0.653846153846154,0.692307692307692,0.769230769230769,0.769230769230769,"Ⅳ","Ⅳ","Ⅳ","Ⅳ","Ⅳ",1.78,3.38,3.144,3.088,3.088,33.0965952234458,35.6154676855652,35.6909814077191,38.6303985522761,38.6303985522761,1
"530","Mimatsu","C","ミツバオウレン","h",0.307692307692308,0.384615384615385,0.461538461538462,0.423076923076923,0.423076923076923,"Ⅱ","Ⅱ","Ⅲ","Ⅲ","Ⅲ",0.22,0.2,0.14,0.044,0.044,8.22753351207442,8.77058019307029,10.0766294731156,9.198662110078,9.198662110078,1
"531","Mimatsu","C","ミヤマアキノキリンソウ","h",0.307692307692308,0.269230769230769,0.269230769230769,0.153846153846154,0.153846153846154,"Ⅱ","Ⅱ","Ⅱ","Ⅰ","Ⅰ",0.32,0.24,0.056,0.012,0.012,9.92277876713668,8.038369524685,5.68398560058805,3.038218101251,3.038218101251,1
"532","Mimatsu","C","ミヤマイタチシダ","f",0,0,0.115384615384615,0.153846153846154,0.153846153846154,"-","-","Ⅰ","Ⅰ","Ⅰ",0,0,0.04,0.064,0.064,0,0,2.1483446221183,3.50823207722812,3.50823207722812,0
"533","Mimatsu","C","ミヤマカタバミ","h",0,0,0.115384615384615,0.0769230769230769,0.0769230769230769,"-","-","Ⅰ","Ⅰ","Ⅰ",0,0,0.04,0.02,0.02,0,0,2.1483446221183,1.24034734589208,1.24034734589208,0
"534","Mimatsu","C","ミヤマカンスゲ","h",1,0.961538461538462,1,0.961538461538462,0.961538461538462,"Ⅴ","Ⅴ","Ⅴ","Ⅴ","Ⅴ",5.52,17.32,13.32,13.56,13.56,74.2967024840268,69.6143221338386,68.7022561492707,66.2164283589457,66.2164283589457,1
"535","Mimatsu","C","ミヤマシシウド","h",0.153846153846154,0.153846153846154,0.230769230769231,0.346153846153846,0.346153846153846,"Ⅰ","Ⅰ","Ⅱ","Ⅱ","Ⅱ",0.12,0.36,0.48,1.22,1.22,4.2966892442366,5.54700196225229,9.114654303753,16.8477343831791,16.8477343831791,1
"536","Mimatsu","C","ミヤマシシガシラ","f",0,0,0,0.0769230769230769,0.0769230769230769,"-","-","-","Ⅰ","Ⅰ",0,0,0,0.004,0.004,0,0,0,1.24034734589208,1.24034734589208,0
"537","Mimatsu","C","ミヤマセンキュウ","h",0,0,0.0769230769230769,0.0769230769230769,0.0769230769230769,"-","-","Ⅰ","Ⅰ","Ⅰ",0,0,0.004,0.004,0.004,0,0,1.24034734589208,1.24034734589208,1.24034734589208,0
"538","Mimatsu","C","ミヤマベニシダ","f",0,0,0.115384615384615,0.153846153846154,0.153846153846154,"-","-","Ⅰ","Ⅰ","Ⅰ",0,0,0.024,0.036,0.036,0,0,2.1483446221183,3.038218101251,3.038218101251,0
"539","Mimatsu","C","ミヤマメシダ","f",0,0.269230769230769,0.269230769230769,0.230769230769231,0.230769230769231,"-","Ⅱ","Ⅱ","Ⅱ","Ⅱ",0,0.38,0.5,0.32,0.32,0,10.1147265068163,11.1286186854503,8.59337848847319,8.59337848847319,0
"540","Mimatsu","C","ミヤマワラビ","f",0.230769230769231,0.384615384615385,0.346153846153846,0.269230769230769,0.269230769230769,"Ⅱ","Ⅱ","Ⅱ","Ⅱ","Ⅱ",0.16,0.26,0.208,0.092,0.092,6.076436202502,10,9.114654303753,6.1394061351492,6.1394061351492,1
"541","Mimatsu","C","メシダ","f",0.230769230769231,0,0,0,0,"Ⅱ","-","-","-","-",0.24,0,0,0,0,7.44208407535251,0,0,0,0,0
"542","Mimatsu","C","モミジカラマツ","h",0.0769230769230769,0.192307692307692,0.153846153846154,0.153846153846154,0.153846153846154,"Ⅰ","Ⅰ","Ⅰ","Ⅰ","Ⅰ",0.2,0.4,0.444,0.438,0.438,3.92232270276368,6.79366220486757,6.32455532033676,6.076436202502,6.076436202502,1
"543","Mimatsu","C","ヤグルマソウ","h",0,0.153846153846154,0.153846153846154,0.153846153846154,0.153846153846154,"-","Ⅰ","Ⅰ","Ⅰ","Ⅰ",0,0.12,0.124,0.12,0.12,0,4.2966892442366,4.64095480892257,4.2966892442366,4.2966892442366,0
"544","Mimatsu","C","ヤマイヌワラビ","f",0,0,0.0769230769230769,0.0769230769230769,0.0769230769230769,"-","-","Ⅰ","Ⅰ","Ⅰ",0,0,0.04,0.02,0.02,0,0,1.75411603861406,1.24034734589208,1.24034734589208,0
"545","Mimatsu","C","ヤマソテツ","f",0.576923076923077,0.730769230769231,0.846153846153846,0.846153846153846,0.846153846153846,"Ⅲ","Ⅳ","Ⅴ","Ⅴ","Ⅴ",2.04,2.64,2.08,1.784,1.784,34.3063124938119,38.6104808409482,38.5905528495093,36.794648440312,36.794648440312,1
"546","Mimatsu","C","ヤマトユキザサ","h",0,0.0769230769230769,0.0769230769230769,0.0769230769230769,0.0769230769230769,"-","Ⅰ","Ⅰ","Ⅰ","Ⅰ",0,0.02,0.004,0.02,0.02,0,1.24034734589208,1.24034734589208,1.24034734589208,1.24034734589208,0
"547","Mimatsu","C","ヤマドリゼンマイ","f",0.230769230769231,0.192307692307692,0.307692307692308,0.461538461538462,0.461538461538462,"Ⅱ","Ⅰ","Ⅱ","Ⅲ","Ⅲ",0.24,0.12,0.26,0.316,0.316,7.44208407535251,4.80384461415261,8.94427190999916,12.8900677327098,12.8900677327098,1
"548","Mimatsu","C","ヤマハハコ","h",0.115384615384615,0.115384615384615,0,0.0769230769230769,0.0769230769230769,"Ⅰ","Ⅰ","-","Ⅰ","Ⅰ",0.04,0.04,0,0.02,0.02,2.1483446221183,2.1483446221183,0,1.24034734589208,1.24034734589208,0
"549","Mimatsu","C","ヤマブキショウマ","h",0.192307692307692,0.307692307692308,0.307692307692308,0.153846153846154,0.153846153846154,"Ⅰ","Ⅱ","Ⅱ","Ⅰ","Ⅰ",0.08,0.3,0.184,0.088,0.088,3.92232270276368,8.94427190999916,7.84464540552736,3.50823207722812,3.50823207722812,1
"550","Mimatsu","C","ユキザサ","h",0.346153846153846,0,0.153846153846154,0.153846153846154,0.153846153846154,"Ⅱ","-","Ⅰ","Ⅰ","Ⅰ",0.18,0,0.012,0.104,0.104,7.89352217376326,0,3.038218101251,4.2966892442366,4.2966892442366,0
"551","Mimatsu","C","ヨツバヒヨドリ","h",0.115384615384615,0.115384615384615,0.0769230769230769,0,0,"Ⅰ","Ⅰ","Ⅰ","-","-",0.14,0.1,0.08,0,0,4.0191847623425,3.39683110243379,2.48069469178417,0,0,0
"552","Mimatsu","C","ヨモギ","h",0.230769230769231,0.230769230769231,0.0769230769230769,0.230769230769231,0.230769230769231,"Ⅱ","Ⅱ","Ⅰ","Ⅱ","Ⅱ",0.8,0.96,0.004,0.56,0.56,13.5873244097351,13.2432856717891,1.24034734589208,10.9544511501033,10.9544511501033,1
"553","Mimatsu","S","チシマザサ","sasa",1,0.923076923076923,1,1,1,"Ⅴ","Ⅴ","Ⅴ","Ⅴ","Ⅴ",9,85,86.2,81.32,81.32,94.8683298050514,88.4742465788339,94.0212741883453,93.38094023943,93.38094023943,1
"554","Matsuotoge","B2","アカミノイヌツゲ","bs",0.0952380952380952,0,0.0952380952380952,0.0952380952380952,0.0952380952380952,"Ⅰ","-","Ⅰ","Ⅰ","Ⅰ",0.025,0,0.025,0.025,0.025,1.54303349962092,0,1.54303349962092,1.54303349962092,1.54303349962092,0
"555","Matsuotoge","B2","ウラジロハナヒリノキ","bs",0,0,0.0952380952380952,0.0952380952380952,0.142857142857143,"-","-","Ⅰ","Ⅰ","Ⅰ",0,0,0.01,0.01,0.015,0,0,1.54303349962092,1.54303349962092,2.67261241912424,0
"556","Matsuotoge","B2","オオカメノキ","bs",0.571428571428571,0.428571428571429,0.619047619047619,0.714285714285714,0.666666666666667,"Ⅲ","Ⅲ","Ⅳ","Ⅳ","Ⅳ",1.525,1.31,0.925,1.175,0.98,29.5199690282455,21.2132034355964,22.93884208478,26.0494036125864,25.8198889747161,1
"557","Matsuotoge","B2","オオシラビソ","cl",0.571428571428571,0.285714285714286,0.857142857142857,0.904761904761905,0.904761904761905,"Ⅲ","Ⅱ","Ⅴ","Ⅴ","Ⅴ",1.225,0.92,0.275,0.485,0.4,26.4575131106459,11.6496474502143,20.1777812740365,23.2992949004287,23.2992949004287,1
"558","Matsuotoge","B2","オオバスノキ","bs",0.761904761904762,0.333333333333333,0.80952380952381,0.904761904761905,0.857142857142857,"Ⅳ","Ⅱ","Ⅴ","Ⅴ","Ⅴ",1.5,0.61,0.435,0.35,0.345,33.8061701891407,13.5400640077266,20.1186954040739,21.2692489848831,20.7019667802706,1
"559","Matsuotoge","B2","キタゴヨウ","cl",0,0,0,0,0.0952380952380952,"-","-","-","-","Ⅰ",0,0,0,0,0.005,0,0,0,0,1.54303349962092,0
"560","Matsuotoge","B2","クロウスゴ","bs",0.428571428571429,0.380952380952381,0.571428571428571,0.476190476190476,0.476190476190476,"Ⅲ","Ⅱ","Ⅲ","Ⅲ","Ⅲ",0.65,0.715,0.58,0.575,1.405,16.6904592079256,15.4303349962092,18.1265393434993,16.1834718742537,17.5932887637249,1
"561","Matsuotoge","B2","コシアブラ","bl",0,0,0.285714285714286,0.333333333333333,0.285714285714286,"-","-","Ⅱ","Ⅱ","Ⅱ",0,0,0.03,0.03,0.025,0,0,5.97614304667197,7.07106781186548,5.97614304667197,0
"562","Matsuotoge","B2","コヨウラクツツジ","bs",0.285714285714286,0.19047619047619,0.285714285714286,0.285714285714286,0.238095238095238,"Ⅱ","Ⅰ","Ⅱ","Ⅱ","Ⅱ",0.2,0.105,0.095,0.06,0.03,7.55928946018454,4.87950036474267,5.97614304667197,5.97614304667197,4.87950036474267,1
"563","Matsuotoge","B2","ダケカンバ","bl",0.0952380952380952,0.0952380952380952,0,0.0952380952380952,0.238095238095238,"Ⅰ","Ⅰ","-","Ⅰ","Ⅱ",0.025,0.005,0,0.005,0.02,1.54303349962092,1.54303349962092,0,1.54303349962092,4.87950036474267,0
"564","Matsuotoge","B2","ナツハゼ","bs",0.0952380952380952,0,0,0,0,"Ⅰ","-","-","-","-",0.025,0,0,0,0,1.54303349962092,0,0,0,0,0
"565","Matsuotoge","B2","ナナカマド","bs",0,0,0.142857142857143,0.333333333333333,0.333333333333333,"-","-","Ⅰ","Ⅱ","Ⅱ",0,0,0.175,0.605,0.68,0,0,5,14.142135623731,13.8443731048635,0
"566","Matsuotoge","B2","ハクサンシャクナゲ","bs",0.0952380952380952,0,0,0,0,"Ⅰ","-","-","-","-",0.025,0,0,0,0,1.54303349962092,0,0,0,0,0
"567","Matsuotoge","B2","ハナヒリノキ","bs",0.0952380952380952,0.0952380952380952,0.0952380952380952,0.0952380952380952,0.0952380952380952,"Ⅰ","Ⅰ","Ⅰ","Ⅰ","Ⅰ",0.025,0.005,0.01,0.015,0.005,1.54303349962092,1.54303349962092,1.54303349962092,1.54303349962092,1.54303349962092,1
"568","Matsuotoge","B2","ハリブキ","bs",0.142857142857143,0.0952380952380952,0.0952380952380952,0,0.0952380952380952,"Ⅰ","Ⅰ","Ⅰ","-","Ⅰ",0.05,0.005,0.005,0,0.005,2.67261241912424,1.54303349962092,1.54303349962092,0,1.54303349962092,0
"569","Matsuotoge","B2","ヒメウスノキ","bs",0,0.19047619047619,0.19047619047619,0.285714285714286,0.333333333333333,"-","Ⅰ","Ⅰ","Ⅱ","Ⅱ",0,0.015,0.03,0.135,0.035,0,3.77964473009227,3.77964473009227,7.55928946018454,7.07106781186548,0
"570","Matsuotoge","B2","ミネカエデ","bs",0,0.0952380952380952,0.761904761904762,0.952380952380952,0.904761904761905,"-","Ⅰ","Ⅳ","Ⅴ","Ⅴ",0,0.25,3.25,2.435,2.12,0,4.36435780471985,40.473389258811,42.8174419288838,40.6348431298864,0
"571","Matsuotoge","B2","ミヤマホツツジ","bs",0,0.0952380952380952,0.142857142857143,0.238095238095238,0.19047619047619,"-","Ⅰ","Ⅰ","Ⅱ","Ⅰ",0,0.005,0.015,0.02,0.025,0,1.54303349962092,2.67261241912424,4.87950036474267,3.77964473009227,0
"572","Matsuotoge","B2","ムラサキヤシオツツジ","bs",0,0.0952380952380952,0.142857142857143,0.142857142857143,0.0952380952380952,"-","Ⅰ","Ⅰ","Ⅰ","Ⅰ",0,0.005,0.16,0.165,0.1,0,1.54303349962092,5,5,3.08606699924184,0
"573","Matsuotoge","C","アカモノ","ds",0,0.0952380952380952,0.0952380952380952,0.19047619047619,0.19047619047619,"-","Ⅰ","Ⅰ","Ⅰ","Ⅰ",0,0.005,0.01,0.015,0.015,0,1.54303349962092,1.54303349962092,3.77964473009227,3.77964473009227,0
"574","Matsuotoge","C","イワイチョウ","h",0.238095238095238,0.19047619047619,0.238095238095238,0.142857142857143,0.142857142857143,"Ⅱ","Ⅰ","Ⅱ","Ⅰ","Ⅰ",0.425,0.11,0.105,0.05,0.035,10.059347702037,5.34522483824849,5.45544725589981,2.67261241912424,2.67261241912424,1
"575","Matsuotoge","C","イワウチワ","h",0,0,0.19047619047619,0,0,"-","-","Ⅰ","-","-",0,0,0.05,0,0,0,0,3.77964473009227,0,0,0
"576","Matsuotoge","C","イワカガミ","h",0.619047619047619,0.761904761904762,0.80952380952381,0.857142857142857,0.80952380952381,"Ⅳ","Ⅳ","Ⅴ","Ⅴ","Ⅴ",0.85,1.025,0.96,0.85,0.605,22.93884208478,28.619008002508,26.6145323711189,25.3546276418555,22.4933852710609,1
"577","Matsuotoge","C","イワナシ","ds",0.19047619047619,0.238095238095238,0.333333333333333,0.142857142857143,0.238095238095238,"Ⅰ","Ⅱ","Ⅱ","Ⅰ","Ⅱ",0.075,0.02,0.045,0.03,0.025,3.77964473009227,4.87950036474267,7.07106781186548,2.67261241912424,4.87950036474267,1
"578","Matsuotoge","C","エンレイソウ","h",0.0952380952380952,0,0.0952380952380952,0.0952380952380952,0,"Ⅰ","-","Ⅰ","Ⅰ","-",0.025,0,0.005,0.005,0,1.54303349962092,0,1.54303349962092,1.54303349962092,0,0
"579","Matsuotoge","C","オオバショリマ","f",0,0,0.238095238095238,0.285714285714286,0.238095238095238,"-","-","Ⅱ","Ⅱ","Ⅱ",0,0,0.365,0.205,0.13,0,0,8.09173593712687,8.01783725737273,6.45497224367903,0
"580","Matsuotoge","C","オオバタケシマラン","h",0,0,0,0.0952380952380952,0,"-","-","-","Ⅰ","-",0,0,0,0.005,0,0,0,0,1.54303349962092,0,0
"581","Matsuotoge","C","キソチドリ","h",0.238095238095238,0.0952380952380952,0.142857142857143,0.19047619047619,0,"Ⅱ","Ⅰ","Ⅰ","Ⅰ","-",0.1,0.005,0.01,0.015,0,4.87950036474267,1.54303349962092,2.67261241912424,3.77964473009227,0,0
"582","Matsuotoge","C","コイチヨウラン","h",0.19047619047619,0.0952380952380952,0.0952380952380952,0,0,"Ⅰ","Ⅰ","Ⅰ","-","-",0.075,0.005,0.005,0,0,3.77964473009227,1.54303349962092,1.54303349962092,0,0,0
"583","Matsuotoge","C","コバイケイソウ","h",0.142857142857143,0.19047619047619,0.142857142857143,0.0952380952380952,0.142857142857143,"Ⅰ","Ⅰ","Ⅰ","Ⅰ","Ⅰ",0.05,0.06,0.02,0.015,0.03,2.67261241912424,4.36435780471985,2.67261241912424,1.54303349962092,2.67261241912424,1
"584","Matsuotoge","C","コフタバラン","h",0.0952380952380952,0,0,0,0,"Ⅰ","-","-","-","-",0.025,0,0,0,0,1.54303349962092,0,0,0,0,0
"585","Matsuotoge","C","コミヤマカタバミ","h",0.0952380952380952,0.0952380952380952,0.0952380952380952,0.0952380952380952,0.0952380952380952,"Ⅰ","Ⅰ","Ⅰ","Ⅰ","Ⅰ",0.025,0.005,0.005,0.005,0.03,1.54303349962092,1.54303349962092,1.54303349962092,1.54303349962092,1.54303349962092,1
"586","Matsuotoge","C","ゴゼンタチバナ","h",0.80952380952381,0.80952380952381,0.857142857142857,0.904761904761905,0.857142857142857,"Ⅴ","Ⅴ","Ⅴ","Ⅴ","Ⅴ",1.275,1.565,1.13,0.905,0.74,32.1269802057843,34.554994125996,29.6407056017806,26.4800014386419,26.5921578128375,1
"587","Matsuotoge","C","サンカヨウ","h",0,0.0952380952380952,0,0,0,"-","Ⅰ","-","-","-",0,0.005,0,0,0,0,1.54303349962092,0,0,0,0
"588","Matsuotoge","C","シノブカグマ","f",0.333333333333333,0.476190476190476,0.428571428571429,0.523809523809524,0.476190476190476,"Ⅱ","Ⅲ","Ⅲ","Ⅲ","Ⅲ",0.15,0.045,0.185,0.395,0.145,7.07106781186548,10.3509833901353,9.81980506061966,14.9204238418031,11.4434427054266,1
"589","Matsuotoge","C","ショウジョウスゲ","h",0.0952380952380952,0.142857142857143,0.19047619047619,0.19047619047619,0.19047619047619,"Ⅰ","Ⅰ","Ⅰ","Ⅰ","Ⅰ",0.2,0.65,1.475,1.06,1.01,4.36435780471985,7.55928946018454,10.2353263143832,9.51189731211342,9.51189731211342,1
"590","Matsuotoge","C","ショウジョウバカマ","h",0.80952380952381,0.857142857142857,1,1,0.857142857142857,"Ⅴ","Ⅴ","Ⅴ","Ⅴ","Ⅴ",1.075,0.94,0.65,0.645,0.485,29.4997982236844,30,27.3861278752583,25.9807621135332,22.6778683805536,1
"591","Matsuotoge","C","シラタマノキ","ds",0,0,0.285714285714286,0.19047619047619,0.0952380952380952,"-","-","Ⅱ","Ⅰ","Ⅰ",0,0,0.05,0.0205,0.005,0,0,5.97614304667197,3.77964473009227,1.54303349962092,0
"592","Matsuotoge","C","シラネワラビ","f",0,0.0952380952380952,0,0,0.142857142857143,"-","Ⅰ","-","-","Ⅰ",0,0.005,0,0,0.01,0,1.54303349962092,0,0,2.67261241912424,0
"593","Matsuotoge","C","ゼンテイカ","h",0.19047619047619,0.142857142857143,0.142857142857143,0.142857142857143,0.0952380952380952,"Ⅰ","Ⅰ","Ⅰ","Ⅰ","Ⅰ",0.225,0.055,0.08,0.05,0.005,6.54653670707977,3.27326835353989,2.67261241912424,2.67261241912424,1.54303349962092,1
"594","Matsuotoge","C","タケシマラン","h",1,0.904761904761905,1,0.952380952380952,0.857142857142857,"Ⅴ","Ⅴ","Ⅴ","Ⅴ","Ⅴ",0.775,0.605,0.375,0.18,0.095,27.8388218141501,27.3208449984361,23.9791576165636,21.2692489848831,19.0862703084106,1
"595","Matsuotoge","C","チゴユリ","h",0.142857142857143,0,0.142857142857143,0.142857142857143,0,"Ⅰ","-","Ⅰ","Ⅰ","-",0.05,0,0.01,0.01,0,2.67261241912424,0,2.67261241912424,2.67261241912424,0,0
"596","Matsuotoge","C","チングルマ","ds",0.0952380952380952,0.0952380952380952,0,0,0,"Ⅰ","Ⅰ","-","-","-",0.025,0.005,0,0,0,1.54303349962092,1.54303349962092,0,0,0,0
"597","Matsuotoge","C","ツクバネソウ","h",0.523809523809524,0.523809523809524,0.619047619047619,0.666666666666667,0.666666666666667,"Ⅲ","Ⅲ","Ⅳ","Ⅳ","Ⅳ",0.25,0.05,0.13,0.115,0.165,11.4434427054266,11.4434427054266,14.1841628653395,14.7196014438797,15.2752523165195,1
"598","Matsuotoge","C","ツマトリソウ","h",0.380952380952381,0.428571428571429,0.523809523809524,0.714285714285714,0.666666666666667,"Ⅱ","Ⅲ","Ⅲ","Ⅳ","Ⅳ",0.45,0.425,0.325,0.155,0.18,13.0930734141595,14.2678459681701,15.3529894715748,16.3663417676994,16.3299316185545,1
"599","Matsuotoge","C","ツルアリドオシ","h",0,0.142857142857143,0,0,0,"-","Ⅰ","-","-","-",0,0.01,0,0,0,0,2.67261241912424,0,0,0,0
"600","Matsuotoge","C","ツルリンドウ","h",0.476190476190476,0.666666666666667,0.714285714285714,0.761904761904762,0.714285714285714,"Ⅲ","Ⅳ","Ⅳ","Ⅳ","Ⅳ",0.225,0.31,0.32,0.24,0.14,10.3509833901353,18.2574185835055,16.3663417676994,17.4574312188794,15.8113883008419,1
"601","Matsuotoge","C","ヌマガヤ","h",0.142857142857143,0,0,0,0,"Ⅰ","-","-","-","-",0.075,0,0,0,0,3.27326835353989,0,0,0,0,0
"602","Matsuotoge","C","ハクモウイノデ","f",0,0.19047619047619,0.0952380952380952,0,0,"-","Ⅰ","Ⅰ","-","-",0,0.16,0.005,0,0,0,6.17213399848368,1.54303349962092,0,0,0
"603","Matsuotoge","C","ヒメカンアオイ","h",0,0,0,0.0952380952380952,0,"-","-","-","Ⅰ","-",0,0,0,0.025,0,0,0,0,1.54303349962092,0,0
"604","Matsuotoge","C","ヒメゴヨウイチゴ","ds",0,0,0.142857142857143,0.142857142857143,0.0952380952380952,"-","-","Ⅰ","Ⅰ","Ⅰ",0,0,0.015,0.01,0.005,0,0,2.67261241912424,2.67261241912424,1.54303349962092,0
"605","Matsuotoge","C","ヒメノガリヤス","h",0,0.0952380952380952,0,0,0,"-","Ⅰ","-","-","-",0,0.005,0,0,0,0,1.54303349962092,0,0,0,0
"606","Matsuotoge","C","ヒメモチ","ds",0,0,0.19047619047619,0.238095238095238,0.19047619047619,"-","-","Ⅰ","Ⅱ","Ⅰ",0,0,0.04,0.03,0.025,0,0,3.77964473009227,4.87950036474267,3.77964473009227,0
"607","Matsuotoge","C","ホソバトウゲシバ","f",0,0.0952380952380952,0.0952380952380952,0.238095238095238,0.19047619047619,"-","Ⅰ","Ⅰ","Ⅱ","Ⅰ",0,0.005,0.015,0.02,0.06,0,1.54303349962092,1.54303349962092,4.87950036474267,3.77964473009227,0
"608","Matsuotoge","C","マイヅルソウ","h",0.952380952380952,0.857142857142857,1,1,1,"Ⅴ","Ⅴ","Ⅴ","Ⅴ","Ⅴ",2.025,2.35,0.595,0.73,0.505,43.915503282684,40.8831086321548,25.4950975679639,28.7228132326901,26.4575131106459,1
"609","Matsuotoge","C","ミズバショウ","h",0.380952380952381,0.428571428571429,0.523809523809524,0.428571428571429,0.476190476190476,"Ⅱ","Ⅲ","Ⅲ","Ⅲ","Ⅲ",0.775,1.35,2.26,2,2.17,17.1824938596845,21.7124059336724,26.5921578128375,21.2132034355964,25.3546276418555,1
"610","Matsuotoge","C","ミツバオウレン","h",0.857142857142857,0.857142857142857,0.904761904761905,1,0.904761904761905,"Ⅴ","Ⅴ","Ⅴ","Ⅴ","Ⅴ",1.3,1.235,0.365,0.325,0.305,33.3809184158512,33.0583899011604,21.2692489848831,23.4520787991171,22.8087284879735,1
"611","Matsuotoge","C","ミヤマカンスゲ","h",0.80952380952381,0.952380952380952,1,1,1,"Ⅴ","Ⅴ","Ⅴ","Ⅴ","Ⅴ",3.05,7.45,10.315,11.195,9.6,49.6895121635101,61.3343685212847,65.9545297913646,65.7647321898295,65.1920240520265,1
"612","Matsuotoge","C","ミヤマシキミ","ds",0,0,0.19047619047619,0.19047619047619,0.142857142857143,"-","-","Ⅰ","Ⅰ","Ⅰ",0,0,0.03,0.015,0.03,0,0,3.77964473009227,3.77964473009227,2.67261241912424,0
"613","Matsuotoge","C","ミヤマシケシダ","f",0.142857142857143,0,0.0952380952380952,0.0952380952380952,0,"Ⅰ","-","Ⅰ","Ⅰ","-",0.175,0,0.01,0.005,0,5,0,1.54303349962092,1.54303349962092,0,0
"614","Matsuotoge","C","ミヤマセンキュウ","h",0,0,0.142857142857143,0,0.0952380952380952,"-","-","Ⅰ","-","Ⅰ",0,0,0.01,0,0.005,0,0,2.67261241912424,0,1.54303349962092,0
"615","Matsuotoge","C","ミヤマメシダ","f",0,0,0.142857142857143,0,0,"-","-","Ⅰ","-","-",0,0,0.03,0,0,0,0,2.67261241912424,0,0,0
"616","Matsuotoge","C","メシダ","f",0,0.0952380952380952,0,0,0,"-","Ⅰ","-","-","-",0,0.25,0,0,0,0,4.36435780471985,0,0,0,0
"617","Matsuotoge","C","モミジカラマツ","h",0.19047619047619,0.142857142857143,0.142857142857143,0.238095238095238,0.238095238095238,"Ⅰ","Ⅰ","Ⅰ","Ⅱ","Ⅱ",0.3,0.505,0.14,0.11,0.07,7.55928946018454,6.26783170528009,4.22577127364258,5.45544725589981,5.45544725589981,1
"618","Matsuotoge","C","ヤチカワズスゲ","h",0.333333333333333,0.142857142857143,0,0.0952380952380952,0.0952380952380952,"Ⅱ","Ⅰ","-","Ⅰ","Ⅰ",1.3,0.6,0,0.25,0.05,20.8166599946613,7.07106781186548,0,4.36435780471985,2.18217890235992,0
"619","Matsuotoge","C","ヤマソテツ","f",0.619047619047619,0.761904761904762,0.761904761904762,0.714285714285714,0.714285714285714,"Ⅳ","Ⅳ","Ⅳ","Ⅳ","Ⅳ",0.7,0.82,1.965,1.28,1.27,20.8166599946613,25.4483604112141,33.523268393901,27.3861278752583,29.277002188456,1
"620","Matsuotoge","C","ヤマトユキザサ","h",0,0,0,0,0.0952380952380952,"-","-","-","-","Ⅰ",0,0,0,0,0.01,0,0,0,0,1.54303349962092,0
"621","Matsuotoge","C","ヤマドリゼンマイ","f",0.0952380952380952,0,0,0,0,"Ⅰ","-","-","-","-",0.025,0,0,0,0,1.54303349962092,0,0,0,0,0
"622","Matsuotoge","C","ユキザサ","h",0.285714285714286,0.142857142857143,0.238095238095238,0.142857142857143,0.238095238095238,"Ⅱ","Ⅰ","Ⅱ","Ⅰ","Ⅱ",0.125,0.01,0.075,0.015,0.025,5.97614304667197,2.67261241912424,5.45544725589981,2.67261241912424,4.87950036474267,1
"623","Matsuotoge","S","チシマザサ","sasa",1,1,1,1,1,"Ⅴ","Ⅴ","Ⅴ","Ⅴ","Ⅴ",9.7,96.75,96.5,96.25,92.75,98.488578017961,98.2344135219425,97.2111104761179,96.9535971483266,95.9166304662544,1
"624","Kagamiishi","B2","アカミノイヌツゲ","bs",0.115384615384615,0.153846153846154,0.269230769230769,0.153846153846154,0.153846153846154,"Ⅰ","Ⅰ","Ⅱ","Ⅰ","Ⅰ",0.1,0.128,0.2,0.26,0.104,3.39683110243379,4.96138938356834,8.038369524685,5.8177447388274,4.2966892442366,1
"625","Kagamiishi","B2","ウスノキ","bs",0,0,0,0.0769230769230769,0.0769230769230769,"-","-","-","Ⅰ","Ⅰ",0,0,0,0.004,0.004,0,0,0,1.24034734589208,1.24034734589208,0
"626","Kagamiishi","B2","ウラジロナナカマド","bs",0,0,0.192307692307692,0.230769230769231,0.307692307692308,"-","-","Ⅰ","Ⅱ","Ⅱ",0,0,0.76,1.36,1.62,0,0,9.198662110078,12.152872405004,16.267002938937,0
"627","Kagamiishi","B2","オオシラビソ","cl",0.923076923076923,0.846153846153846,0.923076923076923,0.923076923076923,0.961538461538462,"Ⅴ","Ⅴ","Ⅴ","Ⅴ","Ⅴ",4.56,16.68,13.368,13.604,12.608,64.8785848275898,60.7390382639598,61.9677335393187,62.1165158268036,60.2877714351375,1
"628","Kagamiishi","B2","オオバスノキ","bs",0.730769230769231,0.692307692307692,0.846153846153846,0.884615384615385,0.884615384615385,"Ⅳ","Ⅳ","Ⅴ","Ⅴ","Ⅴ",1.44,2.172,2.472,3.62,3.272,32.4392924137949,31.7925971063899,39.884448482701,43.9142521109211,44.3153038333955,1
"629","Kagamiishi","B2","クロウスゴ","bs",0.846153846153846,0.884615384615385,0.923076923076923,0.961538461538462,0.961538461538462,"Ⅴ","Ⅴ","Ⅴ","Ⅴ","Ⅴ",2.42,2.896,2.568,2.972,1.988,45.2514343164093,45.6912716795266,44.237123289417,45.149324894859,42.7425207132555,1
"630","Kagamiishi","B2","コヨウラクツツジ","bs",0.423076923076923,0.615384615384615,0.5,0.576923076923077,0.538461538461538,"Ⅲ","Ⅳ","Ⅲ","Ⅲ","Ⅲ",0.44,0.292,0.516,0.644,0.776,13.6438208048129,16.8248899870675,16.431676725155,19.2153784566105,20.2294530136326,1
"631","Kagamiishi","B2","ナナカマド","bs",0.576923076923077,0.576923076923077,0.576923076923077,0.615384615384615,0.615384615384615,"Ⅲ","Ⅲ","Ⅲ","Ⅳ","Ⅳ",2.28,5.72,7.68,7.444,5.004,36.2682314896193,36.2682314896193,37.5192258407914,40.3065178924623,35.6046669369664,1
"632","Kagamiishi","B2","ハイマツ","cs",0.961538461538462,0.961538461538462,0.923076923076923,0.884615384615385,0.923076923076923,"Ⅴ","Ⅴ","Ⅴ","Ⅴ","Ⅴ",6.12,30.24,23.56,20.54,23.28,76.7112467935138,76.4601454756257,70.3398344303731,66.5062171761176,71.3819628154383,1
"633","Kagamiishi","B2","ハクサンシャクナゲ","bs",0.5,0.576923076923077,0.538461538461538,0.692307692307692,0.692307692307692,"Ⅲ","Ⅲ","Ⅲ","Ⅳ","Ⅳ",0.46,0.504,0.352,0.6,0.568,15.1657508881031,18.6052101883813,15.7382434754425,21.0493924633687,20.7178852499663,1
"634","Kagamiishi","B2","ハナヒリノキ","bs",0.115384615384615,0.153846153846154,0.307692307692308,0.269230769230769,0.192307692307692,"Ⅰ","Ⅰ","Ⅱ","Ⅱ","Ⅰ",0.04,0.012,0.116,0.092,0.056,2.1483446221183,3.038218101251,7.44208407535251,6.1394061351492,3.92232270276368,1
"635","Kagamiishi","B2","ヒメウスノキ","bs",0.461538461538462,0.730769230769231,0.615384615384615,0.807692307692308,0.846153846153846,"Ⅲ","Ⅳ","Ⅳ","Ⅴ","Ⅴ",0.36,0.256,0.324,0.464,0.46,12.8900677327098,18.7288342074255,16.4550670241488,21.267526708757,21.7680075763988,1
"636","Kagamiishi","B2","ベニバナイチゴ","bs",0,0,0,0.0769230769230769,0,"-","-","-","Ⅰ","-",0,0,0,0.02,0,0,0,0,1.24034734589208,0,0
"637","Kagamiishi","B2","ミネカエデ","bs",0.884615384615385,0.846153846153846,1,1,1,"Ⅴ","Ⅴ","Ⅴ","Ⅴ","Ⅴ",3.28,6.68,9.72,9.052,6.68,53.8659304341665,54.2643104131563,63.8748776906852,62.2896460095897,58.6515131944607,1
"638","Kagamiishi","B2","ミヤマホツツジ","bs",0.346153846153846,0.692307692307692,0.653846153846154,0.730769230769231,0.692307692307692,"Ⅱ","Ⅳ","Ⅳ","Ⅳ","Ⅳ",0.22,0.144,0.256,0.616,0.38,8.72661710824109,16.6410058867569,16.9614948542959,21.2856036577994,18.6052101883813,1
"639","Kagamiishi","C","アカモノ","ds",0,0.0769230769230769,0,0,0,"-","Ⅰ","-","-","-",0,0.004,0,0,0,0,1.24034734589208,0,0,0,0
"640","Kagamiishi","C","イワカガミ","h",0.807692307692308,0.846153846153846,0.846153846153846,0.807692307692308,0.807692307692308,"Ⅴ","Ⅴ","Ⅴ","Ⅴ","Ⅴ",0.7,0.568,0.408,0.712,0.512,23.7778177170365,24.6826005362233,22.5320284859643,24.115108574055,22.7359424023522,1
"641","Kagamiishi","C","イワナシ","ds",0,0.153846153846154,0.115384615384615,0,0.0769230769230769,"-","Ⅰ","Ⅰ","-","Ⅰ",0,0.012,0.044,0,0.02,0,3.038218101251,2.63117405792109,0,1.24034734589208,0
"642","Kagamiishi","C","オオバショリマ","f",0,0,0.153846153846154,0.192307692307692,0.192307692307692,"-","-","Ⅰ","Ⅰ","Ⅰ",0,0,0.012,0.148,0.024,0,0,3.038218101251,5.88348405414552,3.92232270276368,0
"643","Kagamiishi","C","オシダ","f",0.115384615384615,0,0,0,0,"Ⅰ","-","-","-","-",0.04,0,0,0,0,2.1483446221183,0,0,0,0,0
"644","Kagamiishi","C","コイチヨウラン","h",0,0.0769230769230769,0,0,0,"-","Ⅰ","-","-","-",0,0.004,0,0,0,0,1.24034734589208,0,0,0,0
"645","Kagamiishi","C","コガネイチゴ","ds",0.384615384615385,0.807692307692308,0.653846153846154,0.615384615384615,0.576923076923077,"Ⅱ","Ⅴ","Ⅳ","Ⅳ","Ⅲ",0.2,0.116,0.068,0.08,0.064,8.77058019307029,18.4182184054476,14.4648114135916,13.5873244097351,12.7097781860449,1
"646","Kagamiishi","C","コケモモ","ds",0,0,0,0.0769230769230769,0,"-","-","-","Ⅰ","-",0,0,0,0.004,0,0,0,0,1.24034734589208,0,0
"647","Kagamiishi","C","コフタバラン","h",0,0.0769230769230769,0.115384615384615,0,0,"-","Ⅰ","Ⅰ","-","-",0,0.004,0.012,0,0,0,1.24034734589208,2.1483446221183,0,0,0
"648","Kagamiishi","C","ゴゼンタチバナ","h",0.923076923076923,0.884615384615385,0.961538461538462,0.884615384615385,0.807692307692308,"Ⅴ","Ⅴ","Ⅴ","Ⅴ","Ⅴ",0.62,0.312,0.276,0.736,0.472,23.9229532522156,23.0384294336491,23.2047740446129,24.8843478763412,21.6439723355381,1
"649","Kagamiishi","C","シノブカグマ","f",0,0.0769230769230769,0.0769230769230769,0,0.0769230769230769,"-","Ⅰ","Ⅰ","-","Ⅰ",0,0.004,0.004,0,0.004,0,1.24034734589208,1.24034734589208,0,1.24034734589208,0
"650","Kagamiishi","C","ショウジョウバカマ","h",0.961538461538462,1,0.923076923076923,1,1,"Ⅴ","Ⅴ","Ⅴ","Ⅴ","Ⅴ",1.32,1.204,0.376,1.116,0.308,35.6262651597213,36.6060104354463,23.5339362165821,32.5576411921994,23.2379000772445,1
"651","Kagamiishi","C","シラタマノキ","ds",0.153846153846154,0.5,0.384615384615385,0.538461538461538,0.461538461538462,"Ⅰ","Ⅲ","Ⅱ","Ⅲ","Ⅲ",0.1,0.048,0.036,0.108,0.096,3.92232270276368,10.9544511501033,8.32050294337844,11.8321595661992,10.5246962316843,1
"652","Kagamiishi","C","タケシマラン","h",0,0,0,0,0.115384615384615,"-","-","-","-","Ⅰ",0,0,0,0,0.008,0,0,0,0,2.1483446221183,0
"653","Kagamiishi","C","チゴユリ","h",0.692307692307692,0,0.576923076923077,0.346153846153846,0.192307692307692,"Ⅳ","-","Ⅲ","Ⅱ","Ⅰ",0.36,0,0.092,0.26,0.024,15.7870443475265,0,13.1558702896054,10.8486085601937,3.92232270276368,0
"654","Kagamiishi","C","ツマトリソウ","h",0.346153846153846,0.230769230769231,0.192307692307692,0.0769230769230769,0.115384615384615,"Ⅱ","Ⅱ","Ⅰ","Ⅰ","Ⅰ",0.16,0.02,0.016,0.004,0.008,7.44208407535251,4.80384461415261,3.92232270276368,1.24034734589208,2.1483446221183,1
"655","Kagamiishi","C","ツルリンドウ","h",0.576923076923077,0.615384615384615,0.576923076923077,0.653846153846154,0.615384615384615,"Ⅲ","Ⅳ","Ⅲ","Ⅳ","Ⅳ",0.28,0.096,0.064,0.24,0.1,12.7097781860449,14.0329283089125,12.7097781860449,15.7626627973049,14.0329283089125,1
"656","Kagamiishi","C","ヒメタケシマラン","h",0,0.615384615384615,0.730769230769231,0.230769230769231,0.461538461538462,"-","Ⅳ","Ⅳ","Ⅱ","Ⅲ",0,0.096,0.112,0.1,0.044,0,14.0329283089125,16.6641023668336,5.68398560058805,10.0766294731156,0
"657","Kagamiishi","C","マイヅルソウ","h",0.384615384615385,0.461538461538462,0.846153846153846,0.384615384615385,0.346153846153846,"Ⅱ","Ⅲ","Ⅴ","Ⅱ","Ⅱ",0.18,0.044,0.092,0.044,0.032,8.32050294337844,10.0766294731156,18.8516475509335,8.32050294337844,7.44208407535251,1
"658","Kagamiishi","C","ミツバオウレン","h",0.846153846153846,1,0.923076923076923,0.961538461538462,1,"Ⅴ","Ⅴ","Ⅴ","Ⅴ","Ⅴ",0.44,0.172,0.148,0.48,0.124,19.2952764247546,23.2379000772445,21.0493924633687,25.9437260831385,22.3606797749979,1
"659","Kagamiishi","C","ミヤマアキノキリンソウ","h",0,0.0769230769230769,0,0,0,"-","Ⅰ","-","-","-",0,0.004,0,0,0,0,1.24034734589208,0,0,0,0
"660","Kagamiishi","C","ミヤマカンスゲ","h",0.846153846153846,0.923076923076923,0.961538461538462,1,0.884615384615385,"Ⅴ","Ⅴ","Ⅴ","Ⅴ","Ⅴ",1.08,1.164,0.532,0.908,0.584,30.2298884193467,32.4392924137949,26.6746782836918,30.3315017762062,25.5854525974309,1
"661","Kagamiishi","C","ヤマシグレ","ds",0,0,0.0769230769230769,0,0,"-","-","Ⅰ","-","-",0,0,0.004,0,0,0,0,1.24034734589208,0,0,0
"662","Kagamiishi","C","ヤマソテツ","f",0.153846153846154,0.307692307692308,0.423076923076923,0.423076923076923,0.346153846153846,"Ⅰ","Ⅱ","Ⅲ","Ⅲ","Ⅱ",0.06,0.028,0.144,0.136,0.12,3.038218101251,6.56330123313894,10.0766294731156,9.198662110078,7.89352217376326,1
"663","Kagamiishi","S","チシマザサ","sasa",1,1,1,1,1,"Ⅴ","Ⅴ","Ⅴ","Ⅴ","Ⅴ",9.24,90.8,90.6,80.2,87.4,96.1249187255833,96.5401470891774,96.5401470891774,92.951600308978,94.6572765295939,1
"664","Joudosan","B2","ウラジロナナカマド","bs",0,0.0769230769230769,0.0769230769230769,0.0769230769230769,0.0769230769230769,"-","Ⅰ","Ⅰ","Ⅰ","Ⅰ",0,0.04,0.08,0.04,0.04,0,1.75411603861406,2.48069469178417,1.75411603861406,1.75411603861406,0
"665","Joudosan","B2","キバナシャクナゲ","bs",0.846153846153846,0.923076923076923,0.846153846153846,0.884615384615385,0.730769230769231,"Ⅴ","Ⅴ","Ⅴ","Ⅴ","Ⅳ",2.82,5.22,3.12,2.224,1.096,48.8482737274701,50.2914582134061,40.7242131717918,41.6394783090057,27.8319130606465,1
"666","Joudosan","B2","クロウスゴ","bs",0.115384615384615,0.0769230769230769,0.0769230769230769,0,0.115384615384615,"Ⅰ","Ⅰ","Ⅰ","-","Ⅰ",0.1,0.04,0.08,0,0.08,3.39683110243379,1.75411603861406,2.48069469178417,0,3.038218101251,0
"667","Joudosan","B2","ナナカマド","bs",0.192307692307692,0.153846153846154,0.192307692307692,0.153846153846154,0.115384615384615,"Ⅰ","Ⅰ","Ⅰ","Ⅰ","Ⅰ",0.26,0.16,0.18,0.24,0.06,7.07106781186548,4.96138938356834,5.88348405414552,6.076436202502,2.63117405792109,1
"668","Joudosan","B2","ハイマツ","cs",1,1,1,1,1,"Ⅴ","Ⅴ","Ⅴ","Ⅴ","Ⅴ",9.24,92.48,90.3,87.32,91.52,96.1249187255833,95.9166304662544,94.6572765295939,94.233751915118,94.8683298050514,1
"669","Joudosan","C","アオノツガザクラ","ds",0,0,0.153846153846154,0.153846153846154,0.115384615384615,"-","-","Ⅰ","Ⅰ","Ⅰ",0,0,0.18,0.14,0.32,0,0,5.26234811584217,4.64095480892257,5.26234811584217,0
"670","Joudosan","C","イワカガミ","h",0.769230769230769,0.884615384615385,0.961538461538462,0.961538461538462,0.961538461538462,"Ⅳ","Ⅴ","Ⅴ","Ⅴ","Ⅴ",2.14,4.16,1.76,2.032,1.252,40.5728215207403,49.4119263087209,38.2300727378129,40.6675073473425,33.9683110243379,1
"671","Joudosan","C","イワスゲ","h",0.0769230769230769,0.0769230769230769,0.0769230769230769,0.0769230769230769,0.0769230769230769,"Ⅰ","Ⅰ","Ⅰ","Ⅰ","Ⅰ",0.02,0.08,0.04,0.04,0.04,1.24034734589208,2.48069469178417,1.75411603861406,1.75411603861406,1.75411603861406,1
"672","Joudosan","C","ガンコウラン","ds",0.423076923076923,0.461538461538462,0.538461538461538,0.423076923076923,0.230769230769231,"Ⅲ","Ⅲ","Ⅲ","Ⅲ","Ⅱ",1.08,1.64,0.44,0.328,0.164,21.3757590958328,23.9229532522156,15.3923057701917,11.9935880305334,6.44503386635489,1
"673","Joudosan","C","コガネイチゴ","ds",1,1,1,1,0.961538461538462,"Ⅴ","Ⅴ","Ⅴ","Ⅴ","Ⅴ",4.48,7.92,2.48,2.38,1.858,66.932802122726,64.1872261435249,48.1663783151692,46.2601340248815,41.1376675603721,1
"674","Joudosan","C","コケモモ","ds",0.961538461538462,0.961538461538462,1,1,1,"Ⅴ","Ⅴ","Ⅴ","Ⅴ","Ⅴ",3.84,8.12,2.88,3.1,2.078,60.76436202502,61.7065013405582,44.2718872423573,48.7852436706019,41.9523539268061,1
"675","Joudosan","C","コメススキ","h",0.769230769230769,0.884615384615385,0.923076923076923,0.846153846153846,0.884615384615385,"Ⅳ","Ⅴ","Ⅴ","Ⅴ","Ⅴ",1.94,3.58,2.3,1.62,1.396,38.6303985522761,44.7127584614366,42.7515181916655,35.1480385709447,34.1715131021778,1
"676","Joudosan","C","ゴゼンタチバナ","h",0.769230769230769,0.884615384615385,0.923076923076923,0.923076923076923,0.961538461538462,"Ⅳ","Ⅴ","Ⅴ","Ⅴ","Ⅴ",1.5,1.82,1.66,1.744,1.96,33.9683110243379,34.9395081643865,34.1039136035283,36.9615184503268,37.4679350091002,1
"677","Joudosan","C","ツマトリソウ","h",0.0769230769230769,0.0769230769230769,0.0769230769230769,0.0769230769230769,0.115384615384615,"Ⅰ","Ⅰ","Ⅰ","Ⅰ","Ⅰ",0.02,0.04,0.12,0.004,0.024,1.24034734589208,1.75411603861406,3.038218101251,1.24034734589208,2.1483446221183,1
"678","Joudosan","C","マイヅルソウ","h",0.0769230769230769,0.115384615384615,0.153846153846154,0.153846153846154,0.230769230769231,"Ⅰ","Ⅰ","Ⅰ","Ⅰ","Ⅱ",0.02,0.04,0.08,0.08,0.076,1.24034734589208,2.1483446221183,3.50823207722812,3.50823207722812,5.26234811584217,1
"679","Joudosan","C","ミツバオウレン","h",0.153846153846154,0.192307692307692,0.423076923076923,0.538461538461538,0.5,"Ⅰ","Ⅰ","Ⅲ","Ⅲ","Ⅲ",0.34,0.42,1.08,0.98,0.692,7.23240570679579,8.5485041426511,18.8516475509335,22.4978631463934,18.4390889145858,1
"680","Joudosan","C","ミツバノバイカオウレン","h",0,0,0,0.153846153846154,0.153846153846154,"-","-","-","Ⅰ","Ⅰ",0,0,0,0.08,0.072,0,0,0,3.50823207722812,3.50823207722812,0
"681","Joudosan","C","ミヤマアキノキリンソウ","h",0.0769230769230769,0,0.115384615384615,0,0.0769230769230769,"Ⅰ","-","Ⅰ","-","Ⅰ",0.02,0,0.04,0,0.008,1.24034734589208,0,2.1483446221183,0,1.24034734589208,0
"682","Arimine","B2","アオダモ","bl",0.0769230769230769,0.692307692307692,0.884615384615385,0.769230769230769,0.769230769230769,"Ⅰ","Ⅳ","Ⅴ","Ⅳ","Ⅳ",0.02,0.94,0.832,1,1,1.24034734589208,24.4005044084055,27.5820454420848,28.2842712474619,28.2842712474619,1
"683","Arimine","B2","アクシバ","bs",0,0,0.0769230769230769,0.0769230769230769,0.0769230769230769,"-","-","Ⅰ","Ⅰ","Ⅰ",0,0,0.04,0.08,0.08,0,0,1.75411603861406,2.48069469178417,2.48069469178417,0
"684","Arimine","B2","イタヤカエデ","bl",0.230769230769231,0.423076923076923,0.692307692307692,0.576923076923077,0.576923076923077,"Ⅱ","Ⅲ","Ⅳ","Ⅲ","Ⅲ",0.12,0.26,0.316,0.192,0.192,5.26234811584217,10.4880884817015,16.6410058867569,12.7097781860449,12.7097781860449,1
"685","Arimine","B2","ウリハダカエデ","bl",0.461538461538462,0.923076923076923,0.923076923076923,1,1,"Ⅲ","Ⅴ","Ⅴ","Ⅴ","Ⅴ",0.22,4,2.292,2.936,2.936,10.0766294731156,51.5602709308392,39.3798073988336,45.6070170039655,45.6070170039655,1
"686","Arimine","B2","ウワミズザクラ","bl",0.769230769230769,0.653846153846154,0.807692307692308,0.923076923076923,0.923076923076923,"Ⅳ","Ⅳ","Ⅴ","Ⅴ","Ⅴ",2.76,2.02,1.96,2.436,2.436,46.0768588672983,32.9451759045936,37.7032951018669,44.0279631423206,44.0279631423206,1
"687","Arimine","B2","エゾユズリハ","bs",0.0769230769230769,0.0769230769230769,0.115384615384615,0.0769230769230769,0.0769230769230769,"Ⅰ","Ⅰ","Ⅰ","Ⅰ","Ⅰ",0.02,0.02,0.08,0.08,0.08,1.24034734589208,1.24034734589208,3.038218101251,2.48069469178417,2.48069469178417,1
"688","Arimine","B2","オオイタヤメイゲツ","bl",0,0,0.153846153846154,0,0,"-","-","Ⅰ","-","-",0,0,0.28,0,0,0,0,6.076436202502,0,0,0
"689","Arimine","B2","オオカメノキ","bs",1,0.961538461538462,1,1,1,"Ⅴ","Ⅴ","Ⅴ","Ⅴ","Ⅴ",5.24,13.84,15.92,16.56,16.56,72.3878442834154,68.2191040240646,71.2741187248218,72.1110255092798,72.1110255092798,1
"690","Arimine","B2","オオバクロモジ","bs",0.961538461538462,0.961538461538462,1,1,1,"Ⅴ","Ⅴ","Ⅴ","Ⅴ","Ⅴ",4,6.48,6.08,9.52,9.52,62.0173672946042,60.1280684488086,56.5685424949238,63.5609943282828,63.5609943282828,1
"691","Arimine","B2","クサアジサイ","bs",0.115384615384615,0.153846153846154,0.0769230769230769,0,0,"Ⅰ","Ⅰ","Ⅰ","-","-",0.06,0.56,0.02,0,0,2.63117405792109,7.44208407535251,1.24034734589208,0,0,0
"692","Arimine","B2","クロウスゴ","bs",0,0,0.0769230769230769,0.0769230769230769,0.0769230769230769,"-","-","Ⅰ","Ⅰ","Ⅰ",0,0,0.02,0.02,0.02,0,0,1.24034734589208,1.24034734589208,1.24034734589208,0
"693","Arimine","B2","コシアブラ","bl",0.269230769230769,0.576923076923077,0.846153846153846,0.884615384615385,0.884615384615385,"Ⅱ","Ⅲ","Ⅴ","Ⅴ","Ⅴ",0.14,0.44,1.096,2.236,2.236,6.1394061351492,15.9325501363138,30.2298884193467,38.0889646849219,38.0889646849219,1
"694","Arimine","B2","コマユミ","bs",0.615384615384615,0.230769230769231,0.461538461538462,0.615384615384615,0.615384615384615,"Ⅳ","Ⅱ","Ⅲ","Ⅳ","Ⅳ",1.52,0.1,0.172,0.208,0.208,30.5840581902503,4.80384461415261,10.0766294731156,13.5873244097351,13.5873244097351,1
"695","Arimine","B2","サワフタギ","bs",0.269230769230769,0.346153846153846,0.346153846153846,0.423076923076923,0.423076923076923,"Ⅱ","Ⅱ","Ⅱ","Ⅲ","Ⅲ",0.92,1.98,1.2,1.6,1.6,15.7382434754425,19.8649285076837,17.4532342164822,21.1769105032235,21.1769105032235,1
"696","Arimine","B2","スノキ","bs",0,0.0769230769230769,0.0769230769230769,0,0,"-","Ⅰ","Ⅰ","-","-",0,0.04,0.04,0,0,0,1.75411603861406,1.75411603861406,0,0,0
"697","Arimine","B2","タカノツメ","bl",0,0,0.0769230769230769,0,0,"-","-","Ⅰ","-","-",0,0,0.004,0,0,0,0,1.24034734589208,0,0,0
"698","Arimine","B2","タニウツギ","bs",0,0.0769230769230769,0.115384615384615,0.0769230769230769,0.0769230769230769,"-","Ⅰ","Ⅰ","Ⅰ","Ⅰ",0,0.08,0.2,0.02,0.02,0,2.48069469178417,4.80384461415261,1.24034734589208,1.24034734589208,0
"699","Arimine","B2","タムシバ","bs",0,0.0769230769230769,0.153846153846154,0.230769230769231,0.230769230769231,"-","Ⅰ","Ⅰ","Ⅱ","Ⅱ",0,0.02,0.14,0.188,0.188,0,1.24034734589208,4.64095480892257,6.79366220486757,6.79366220486757,0
"700","Arimine","B2","ツノハシバミ","bs",0.423076923076923,0.269230769230769,0.307692307692308,0.192307692307692,0.192307692307692,"Ⅲ","Ⅱ","Ⅱ","Ⅰ","Ⅰ",0.3,0.12,0.16,0.26,0.26,11.2660142429822,5.68398560058805,7.84464540552736,7.07106781186548,7.07106781186548,1
"701","Arimine","B2","ツリバナ","bs",0,0.192307692307692,0.384615384615385,0.461538461538462,0.461538461538462,"-","Ⅰ","Ⅱ","Ⅲ","Ⅲ",0,0.12,0.336,0.224,0.224,0,4.80384461415261,11.766968108291,10.9544511501033,10.9544511501033,0
"702","Arimine","B2","トチノキ","bl",0.0769230769230769,0.423076923076923,0.576923076923077,0.692307692307692,0.692307692307692,"Ⅰ","Ⅲ","Ⅲ","Ⅳ","Ⅳ",0.02,0.22,0.248,0.236,0.236,1.24034734589208,9.64763821237732,13.1558702896054,15.3422493587028,15.3422493587028,1
"703","Arimine","B2","ナナカマド","bs",0.0769230769230769,0.423076923076923,0.423076923076923,0.461538461538462,0.461538461538462,"Ⅰ","Ⅲ","Ⅲ","Ⅲ","Ⅲ",0.02,0.26,0.34,0.476,0.476,1.24034734589208,10.4880884817015,12.679480697932,15.191090506255,15.191090506255,1
"704","Arimine","B2","ノリウツギ","bs",0.230769230769231,0.307692307692308,0.423076923076923,0.384615384615385,0.384615384615385,"Ⅱ","Ⅱ","Ⅲ","Ⅱ","Ⅱ",0.2,0.32,0.44,0.48,0.48,6.79366220486757,9.92277876713668,13.6438208048129,13.5873244097351,13.5873244097351,1
"705","Arimine","B2","ハイイヌガヤ","cs",0.5,0.5,0.576923076923077,0.615384615384615,0.615384615384615,"Ⅲ","Ⅲ","Ⅲ","Ⅳ","Ⅳ",0.6,2.06,0.596,1.032,1.032,17.3205080756888,25.4950975679639,18.2924953086063,23.5339362165821,23.5339362165821,1
"706","Arimine","B2","ハウチワカエデ","bl",0.0769230769230769,0.423076923076923,0.576923076923077,0.692307692307692,0.692307692307692,"Ⅰ","Ⅲ","Ⅲ","Ⅳ","Ⅳ",0.02,1.9,1.724,1.232,1.232,1.24034734589208,23.0884586552876,27.3861278752583,28.0932513111382,28.0932513111382,1
"707","Arimine","B2","ハリギリ","bl",0,0.0769230769230769,0,0,0,"-","Ⅰ","-","-","-",0,0.24,0,0,0,0,3.50823207722812,0,0,0,0
"708","Arimine","B2","ヒメアオキ","bs",0.5,0.615384615384615,0.846153846153846,0.884615384615385,0.884615384615385,"Ⅲ","Ⅳ","Ⅴ","Ⅴ","Ⅴ",1.44,2.3,2.34,2.016,2.016,26.8328157299975,33.0965952234458,40.0960385536066,39.2330316089742,39.2330316089742,1
"709","Arimine","B2","ブナ","bl",0.615384615384615,0.769230769230769,0.923076923076923,1,1,"Ⅳ","Ⅳ","Ⅴ","Ⅴ","Ⅴ",3.08,9.06,6.34,5.84,5.84,43.5360151527975,51.2910248559066,51.0203579277618,51.5751878329105,51.5751878329105,1
"710","Arimine","B2","ホオノキ","bl",0.115384615384615,0.230769230769231,0.269230769230769,0.346153846153846,0.346153846153846,"Ⅰ","Ⅱ","Ⅱ","Ⅱ","Ⅱ",0.06,0.44,0.84,0.56,0.56,2.63117405792109,9.60768922830523,12.7097781860448,12.8900677327098,12.8900677327098,1
"711","Arimine","B2","マユミ","bs",0.576923076923077,0,0,0.115384615384615,0.115384615384615,"Ⅲ","-","-","Ⅰ","Ⅰ",1.74,0,0,0.024,0.024,31.6835312717215,0,0,2.1483446221183,2.1483446221183,0
"712","Arimine","B2","ミズキ","bl",0.961538461538462,0.153846153846154,0.307692307692308,0.230769230769231,0.230769230769231,"Ⅴ","Ⅰ","Ⅱ","Ⅱ","Ⅱ",2.66,0.08,0.128,0.3232,0.3232,50.5736325340815,3.50823207722812,6.56330123313894,8.038369524685,8.038369524685,1
"713","Arimine","B2","ヤマアジサイ","bs",0,0.0769230769230769,0.0769230769230769,0.0769230769230769,0.0769230769230769,"-","Ⅰ","Ⅰ","Ⅰ","Ⅰ",0,0.02,0.02,0.008,0.008,0,1.24034734589208,1.24034734589208,1.24034734589208,1.24034734589208,0
"714","Arimine","B2","ヤマウルシ","bs",0.230769230769231,0.653846153846154,0.730769230769231,0.730769230769231,0.730769230769231,"Ⅱ","Ⅳ","Ⅳ","Ⅳ","Ⅳ",0.22,1.6,1.66,1.74,1.74,7.12525303194425,30.6844987174055,31.756283448501,31.5253255946097,31.5253255946097,1
"715","Arimine","B2","ヤマモミジ","bl",0,0.192307692307692,0.307692307692308,0.269230769230769,0.269230769230769,"-","Ⅰ","Ⅱ","Ⅱ","Ⅱ",0,0.46,0.372,0.416,0.416,0,8.5485041426511,10.813097471265,10.6337633543785,10.6337633543785,0
"716","Arimine","C","アカミノルイヨウショウマ","h",0.115384615384615,0,0,0,0,"Ⅰ","-","-","-","-",0.04,0,0,0,0,2.1483446221183,0,0,0,0,0
"717","Arimine","C","イボタノキ","ds",0,0,0.0769230769230769,0.0769230769230769,0.0769230769230769,"-","-","Ⅰ","Ⅰ","Ⅰ",0,0,0.008,0.012,0.012,0,0,1.24034734589208,1.24034734589208,1.24034734589208,0
"718","Arimine","C","イワカガミ","h",0.230769230769231,0,0.0769230769230769,0,0,"Ⅱ","-","Ⅰ","-","-",0.32,0,0.02,0,0,8.59337848847319,0,1.24034734589208,0,0,0
"719","Arimine","C","ウド","h",0,0.0769230769230769,0,0,0,"-","Ⅰ","-","-","-",0,0.02,0,0,0,0,1.24034734589208,0,0,0,0
"720","Arimine","C","ウメガサソウ","h",0,0.0769230769230769,0,0,0,"-","Ⅰ","-","-","-",0,0.02,0,0,0,0,1.24034734589208,0,0,0,0
"721","Arimine","C","エンレイソウ","h",0,0.153846153846154,0.0769230769230769,0.269230769230769,0.269230769230769,"-","Ⅰ","Ⅰ","Ⅱ","Ⅱ",0,0.06,0.02,0.076,0.076,0,3.038218101251,1.24034734589208,5.68398560058805,5.68398560058805,0
"722","Arimine","C","オシダ","f",0.115384615384615,0.307692307692308,0.269230769230769,0.269230769230769,0.269230769230769,"Ⅰ","Ⅱ","Ⅱ","Ⅱ","Ⅱ",0.04,0.24,0.2,0.148,0.148,2.1483446221183,8.59337848847319,7.33799385705343,6.56330123313894,6.56330123313894,1
"723","Arimine","C","カメバヒキオコシ","h",0.192307692307692,0.192307692307692,0.230769230769231,0.230769230769231,0.230769230769231,"Ⅰ","Ⅰ","Ⅱ","Ⅱ","Ⅱ",0.14,0.1,0.148,0.228,0.228,5.18874521662771,4.38529009653515,6.076436202502,7.44208407535251,7.44208407535251,1
"724","Arimine","C","ギンリョウソウ","h",0,0.0769230769230769,0.0769230769230769,0.0769230769230769,0.0769230769230769,"-","Ⅰ","Ⅰ","Ⅰ","Ⅰ",0,0.02,0.02,0.02,0.02,0,1.24034734589208,1.24034734589208,1.24034734589208,1.24034734589208,0
"725","Arimine","C","クルマバソウ","h",0,0.0769230769230769,0,0,0,"-","Ⅰ","-","-","-",0,0.02,0,0,0,0,1.24034734589208,0,0,0,0
"726","Arimine","C","クルマバハグマ","h",0,0,0.0769230769230769,0.0769230769230769,0.0769230769230769,"-","-","Ⅰ","Ⅰ","Ⅰ",0,0,0.02,0.02,0.02,0,0,1.24034734589208,1.24034734589208,1.24034734589208,0
"727","Arimine","C","コカンスゲ","h",0.923076923076923,0,0.0769230769230769,0,0,"Ⅴ","-","Ⅰ","-","-",4.12,0,0.04,0,0,61.6690921213935,0,1.75411603861406,0,0,0
"728","Arimine","C","サカゲイノデ","f",0,0.115384615384615,0.0769230769230769,0.0769230769230769,0.0769230769230769,"-","Ⅰ","Ⅰ","Ⅰ","Ⅰ",0,0.04,0.08,0.02,0.02,0,2.1483446221183,2.48069469178417,1.24034734589208,1.24034734589208,0
"729","Arimine","C","サラシナショウマ","h",0,0.0769230769230769,0,0,0,"-","Ⅰ","-","-","-",0,0.02,0,0,0,0,1.24034734589208,0,0,0,0
"730","Arimine","C","サワダツ","ds",0,0,0.192307692307692,0.0769230769230769,0.0769230769230769,"-","-","Ⅰ","Ⅰ","Ⅰ",0,0,0.08,0.02,0.02,0,0,3.92232270276368,1.24034734589208,1.24034734589208,0
"731","Arimine","C","サンカヨウ","h",0,0.0769230769230769,0,0.0769230769230769,0.0769230769230769,"-","Ⅰ","-","Ⅰ","Ⅰ",0,0.02,0,0.02,0.02,0,1.24034734589208,0,1.24034734589208,1.24034734589208,0
"732","Arimine","C","シノブカグマ","f",0,0.153846153846154,0.230769230769231,0.0769230769230769,0.0769230769230769,"-","Ⅰ","Ⅱ","Ⅰ","Ⅰ",0,0.06,0.12,0.06,0.06,0,3.038218101251,5.26234811584217,1.75411603861406,1.75411603861406,0
"733","Arimine","C","シラネアオイ","h",0,0.0769230769230769,0.0769230769230769,0.0769230769230769,0.0769230769230769,"-","Ⅰ","Ⅰ","Ⅰ","Ⅰ",0,0.72,0.2,0.004,0.004,0,3.92232270276368,3.50823207722812,1.24034734589208,1.24034734589208,0
"734","Arimine","C","シラネワラビ","f",1,0.961538461538462,1,1,1,"Ⅴ","Ⅴ","Ⅴ","Ⅴ","Ⅴ",5.36,16.52,20.9,22.44,22.44,73.2120208708925,70.4381889427778,73.348483283569,74.8331477354788,74.8331477354788,1
"735","Arimine","C","ジュウモンジシダ","f",0,0.0769230769230769,0.0769230769230769,0,0,"-","Ⅰ","Ⅰ","-","-",0,0.02,0.02,0,0,0,1.24034734589208,1.24034734589208,0,0,0
"736","Arimine","C","スミレサイシン","h",0,0,0.0769230769230769,0.0769230769230769,0.0769230769230769,"-","-","Ⅰ","Ⅰ","Ⅰ",0,0,0.004,0.004,0.004,0,0,1.24034734589208,1.24034734589208,1.24034734589208,0
"737","Arimine","C","タケシマラン","h",0,0.307692307692308,0.346153846153846,0.269230769230769,0.269230769230769,"-","Ⅱ","Ⅱ","Ⅱ","Ⅱ",0,0.18,0.096,0.104,0.104,0,7.44208407535251,7.44208407535251,5.68398560058805,5.68398560058805,0
"738","Arimine","C","タチシオデ","h",0.192307692307692,0.346153846153846,0.192307692307692,0.307692307692308,0.307692307692308,"Ⅰ","Ⅱ","Ⅰ","Ⅱ","Ⅱ",0.08,0.16,0.036,0.088,0.088,3.92232270276368,7.44208407535251,3.92232270276368,6.56330123313894,6.56330123313894,1
"739","Arimine","C","タニギキョウ","h",0.153846153846154,0.307692307692308,0.230769230769231,0.230769230769231,0.230769230769231,"Ⅰ","Ⅱ","Ⅱ","Ⅱ","Ⅱ",0.14,0.16,0.084,0.072,0.072,4.64095480892257,7.01646415445623,4.80384461415261,4.80384461415261,4.80384461415261,1
"740","Arimine","C","チゴユリ","h",0.5,0.5,0.538461538461538,0.615384615384615,0.615384615384615,"Ⅲ","Ⅲ","Ⅲ","Ⅳ","Ⅳ",0.62,0.84,0.34,0.48,0.48,17.606816861659,18.4390889145858,13.5305921184892,17.5411603861406,17.5411603861406,1
"741","Arimine","C","ツクバネソウ","h",0.192307692307692,0.192307692307692,0.115384615384615,0.153846153846154,0.153846153846154,"Ⅰ","Ⅰ","Ⅰ","Ⅰ","Ⅰ",0.08,0.08,0.024,0.032,0.032,3.92232270276368,3.92232270276368,2.1483446221183,3.038218101251,3.038218101251,1
"742","Arimine","C","ツルアリドオシ","h",0.653846153846154,0.576923076923077,0.5,0.576923076923077,0.576923076923077,"Ⅳ","Ⅲ","Ⅲ","Ⅲ","Ⅲ",0.78,1.72,0.332,0.456,0.456,22.5831795812724,27.595986330234,13.4164078649987,16.2906296804211,16.2906296804211,1
"743","Arimine","C","ツルリンドウ","h",0,0.269230769230769,0.192307692307692,0.192307692307692,0.192307692307692,"-","Ⅱ","Ⅰ","Ⅰ","Ⅰ",0,0.12,0.1,0.052,0.052,0,5.68398560058805,4.38529009653515,3.92232270276368,3.92232270276368,0
"744","Arimine","C","テンニンソウ","h",0,0,0.153846153846154,0.192307692307692,0.192307692307692,"-","-","Ⅰ","Ⅰ","Ⅰ",0,0,0.46,0.432,0.432,0,0,6.79366220486757,7.84464540552736,7.84464540552736,0
"745","Arimine","C","トチバニンジン","h",0,0.153846153846154,0.0769230769230769,0.115384615384615,0.115384615384615,"-","Ⅰ","Ⅰ","Ⅰ","Ⅰ",0,0.06,0.008,0.028,0.028,0,3.038218101251,1.24034734589208,2.1483446221183,2.1483446221183,0
"746","Arimine","C","ハイイヌツゲ","ds",0.730769230769231,0.384615384615385,0.269230769230769,0.307692307692308,0.307692307692308,"Ⅳ","Ⅱ","Ⅱ","Ⅱ","Ⅱ",0.66,0.44,0.196,0.252,0.252,21.9615047824072,12.4034734589208,7.69615288509585,9.28190961784514,9.28190961784514,1
"747","Arimine","C","ヒメカンアオイ","h",0.269230769230769,0.192307692307692,0.307692307692308,0.307692307692308,0.307692307692308,"Ⅱ","Ⅰ","Ⅱ","Ⅱ","Ⅱ",0.32,0.28,0.32,0.26,0.26,9.28190961784514,6.79366220486757,9.92277876713668,8.59337848847319,8.59337848847319,1
"748","Arimine","C","ヒメモチ","ds",0.230769230769231,0.538461538461538,0.961538461538462,0.961538461538462,0.961538461538462,"Ⅱ","Ⅲ","Ⅴ","Ⅴ","Ⅴ",0.34,0.7,0.78,1.256,1.256,8.8578517972214,19.414506867883,28.4199280029403,30.0640342244043,30.0640342244043,1
"749","Arimine","C","ヒロハユキザサ","h",0,0,0.153846153846154,0.115384615384615,0.115384615384615,"-","-","Ⅰ","Ⅰ","Ⅰ",0,0,0.06,0.04,0.04,0,0,3.038218101251,2.1483446221183,2.1483446221183,0
"750","Arimine","C","ヒロバスゲ","h",0,0,0.0769230769230769,0,0,"-","-","Ⅰ","-","-",0,0,0.004,0,0,0,0,1.24034734589208,0,0,0
"751","Arimine","C","ホウチャクソウ","h",0.269230769230769,0,0,0.0769230769230769,0.0769230769230769,"Ⅱ","-","-","Ⅰ","Ⅰ",0.16,0,0,0.02,0.02,6.56330123313894,0,0,1.24034734589208,1.24034734589208,0
"752","Arimine","C","ホソバナライシダ","f",0,0.423076923076923,0.384615384615385,0.192307692307692,0.192307692307692,"-","Ⅲ","Ⅱ","Ⅰ","Ⅰ",0,0.82,0.34,0.1,0.1,0,17.6939798540894,11.4354374979373,4.38529009653515,4.38529009653515,0
"753","Arimine","C","マイヅルソウ","h",0,0.192307692307692,0.115384615384615,0,0,"-","Ⅰ","Ⅰ","-","-",0,0.08,0.04,0,0,0,3.92232270276368,2.1483446221183,0,0,0
"754","Arimine","C","ミヤマイタチシダ","f",0,0,0,0.115384615384615,0.115384615384615,"-","-","-","Ⅰ","Ⅰ",0,0,0,0.04,0.04,0,0,0,2.1483446221183,2.1483446221183,0
"755","Arimine","C","ミヤマイボタ","ds",0,0.0769230769230769,0.0769230769230769,0.0769230769230769,0.0769230769230769,"-","Ⅰ","Ⅰ","Ⅰ","Ⅰ",0,0.02,0.02,0.008,0.008,0,1.24034734589208,1.24034734589208,1.24034734589208,1.24034734589208,0
"756","Arimine","C","ミヤマウズラ","h",0,0.307692307692308,0.269230769230769,0.153846153846154,0.153846153846154,"-","Ⅱ","Ⅱ","Ⅰ","Ⅰ",0,0.14,0.148,0.032,0.032,0,6.56330123313894,6.56330123313894,3.038218101251,3.038218101251,0
"757","Arimine","C","ミヤマカンスゲ","h",0,1,1,1,1,"-","Ⅴ","Ⅴ","Ⅴ","Ⅴ",0,10.28,11.92,8.62,8.62,0,68.9927532426414,68.1175454637056,64.8074069840786,64.8074069840786,0
"758","Arimine","C","ミヤマシキミ","ds",0,0.269230769230769,0,0,0,"-","Ⅱ","-","-","-",0,0.2,0,0,0,0,7.33799385705343,0,0,0,0
"759","Arimine","C","ヤマイヌワラビ","f",0,0.576923076923077,0.423076923076923,0.5,0.5,"-","Ⅲ","Ⅲ","Ⅲ","Ⅲ",0,0.28,0.256,0.244,0.244,0,12.7097781860449,10.8840037881994,12.2474487139159,12.2474487139159,0
"760","Arimine","C","ヤマソテツ","f",0.961538461538462,1,1,1,1,"Ⅴ","Ⅴ","Ⅴ","Ⅴ","Ⅴ",2.78,3.46,4.28,5.4,5.4,51.7018077350969,52.3450093132096,56.2138772902208,57.0964096944808,57.0964096944808,1
"761","Arimine","C","ヤマトユキザサ","h",0,0.115384615384615,0.0769230769230769,0.0769230769230769,0.0769230769230769,"-","Ⅰ","Ⅰ","Ⅰ","Ⅰ",0,0.1,0.02,0.02,0.02,0,3.39683110243379,1.24034734589208,1.24034734589208,1.24034734589208,0
"762","Arimine","C","ヤマドリゼンマイ","f",0.0769230769230769,0.0769230769230769,0.0769230769230769,0.192307692307692,0.192307692307692,"Ⅰ","Ⅰ","Ⅰ","Ⅰ","Ⅰ",0.02,0.02,0.02,0.112,0.112,1.24034734589208,1.24034734589208,1.24034734589208,4.80384461415261,4.80384461415261,1
"763","Arimine","C","ユキザサ","h",1,0.923076923076923,0.846153846153846,0.923076923076923,0.923076923076923,"Ⅴ","Ⅴ","Ⅴ","Ⅴ","Ⅴ",2,2.32,0.708,0.548,0.548,44.7213595499958,42.535053417514,25.0230662820096,23.5339362165821,23.5339362165821,1
"764","Arimine","S","チシマザサ","sasa",1,0.961538461538462,0.961538461538462,1,1,"Ⅴ","Ⅴ","Ⅴ","Ⅴ","Ⅴ",7.96,45.22,19.88,17.04,17.04,89.2188320927818,81.688903304408,72.8539107233943,73.4846922834953,73.4846922834953,1
